AcX,AcY,AcZ,GyX,GyY,GyZ,time
-1596,-13888,-3544,3929,30187,-226,86439
-4,-14244,-3840,3757,26556,-1828,86461
676,-13680,-5212,2180,25904,-2768,86482
2164,-14232,-5076,27,29235,-3402,86503
916,-14552,-5416,-2206,32720,-3478,86524
-2504,-14704,-5080,-3782,32767,-3696,86545
-7968,-18128,-1784,-3893,30148,-2672,86566
-17068,-18676,2056,-1653,18508,-930,86587
-20940,-18916,-696,-1115,4349,832,86608
3692,-12804,-4956,-1039,-14633,-2854,86629
5508,-15492,-1444,-2043,-5993,-3190,86650
-1640,-20144,248,-1595,-4134,-1746,86671
1648,-15960,48,-1787,-4433,-1502,86692
2548,-16416,-1468,-2533,103,-1408,86713
-1004,-17456,-1872,-1994,218,-1500,86734
-324,-16416,-1312,-1322,-2148,-1917,86755
2036,-16304,-1808,-1328,-1638,-1767,86776
1856,-16748,-1304,-1426,703,-1428,86797
236,-16464,-1036,-1499,988,-1365,86818
220,-16368,-1408,-1527,-200,-1561,86839
1008,-16316,-1776,-1357,-528,-1768,86860
412,-16424,-1308,-1327,-962,-1997,86881
912,-16300,-1564,-1387,-1574,-2190,86902
1548,-16356,-1892,-1330,-1530,-2306,86923
1656,-16380,-2116,-1201,-1237,-2114,86945
1624,-16124,-1992,-1192,-1214,-1963,86966
2312,-16124,-2116,-1054,-1168,-1536,86987
2508,-16072,-2060,-977,-628,-919,87008
2152,-16120,-2204,-942,-343,-349,87029
2196,-16048,-2320,-930,-390,146,87050
1876,-16268,-2044,-779,-593,310,87071
1276,-16436,-2092,-603,-587,254,87092
1544,-16384,-2148,-614,-1208,230,87113
2204,-16152,-2556,-713,-732,269,87134
1036,-16152,-1996,-872,-407,16,87156
1392,-16380,-2176,-776,-567,-306,87177
920,-16308,-2060,-886,-860,-662,87198
1656,-16052,-2288,-894,-994,-929,87219
1568,-16088,-2560,-996,-460,-1099,87240
1160,-16288,-2356,-908,-825,-1318,87261
1600,-16192,-2588,-829,-1285,-1455,87282
1940,-16124,-2528,-662,-1392,-1421,87303
1976,-15980,-2596,-649,-1360,-1344,87324
2364,-16116,-2744,-523,-1480,-1026,87345
2500,-15792,-2656,-424,-1159,-721,87366
2340,-16136,-2444,-424,-672,-387,87387
2144,-15988,-2620,-284,-612,-162,87408
2488,-16176,-2748,-252,-421,99,87429
2100,-16064,-2780,-142,-188,333,87450
2032,-16044,-2472,-119,-429,348,87471
1924,-15964,-2700,-113,-292,316,87492
1868,-16228,-2604,-99,-417,227,87513
1844,-16084,-2620,-105,-501,113,87534
2024,-16048,-2516,-80,-410,84,87555
2244,-16020,-2768,-81,-66,165,87576
2244,-16044,-2900,3,-48,318,87597
2436,-16100,-2768,16,278,578,87618
1688,-16000,-2524,75,160,576,87639
2316,-15968,-2720,136,100,556,87660
1920,-16392,-2428,120,503,544,87681
1856,-15988,-2596,130,73,613,87702
1700,-16028,-2632,60,342,528,87723
1420,-15764,-2736,112,125,404,87744
2120,-16220,-2800,143,8,445,87765
2072,-16196,-2460,159,8,555,87788
1912,-16220,-2560,151,177,658,87809
1732,-16248,-2456,212,156,755,87830
1576,-16232,-2868,286,11,782,87851
1544,-16220,-2448,313,-285,657,87872
1536,-15976,-2244,226,-188,575,87893
1532,-16040,-2404,94,8,376,87914
1336,-16052,-2416,47,-17,128,87935
1728,-16080,-2412,10,-184,-8,87956
1552,-15968,-2456,-52,-16,-40,87977
1592,-16020,-2432,-89,-213,-34,87998
1844,-16176,-2352,-132,-313,74,88019
1900,-16064,-2384,-49,-312,305,88040
1812,-16112,-2416,-56,-215,531,88061
1760,-16136,-2372,-15,-341,653,88082
1836,-16208,-2600,46,-277,802,88103
1496,-16212,-2368,92,-140,884,88124
1348,-16060,-2432,88,-214,777,88145
1424,-16240,-2452,70,-243,670,88166
1264,-16288,-2320,51,-212,532,88187
1156,-16064,-2336,38,-262,324,88208
1164,-16164,-2356,16,-241,127,88229
1196,-16164,-2360,42,-376,-23,88250
1384,-16160,-2364,95,-494,-32,88271
1688,-16044,-2492,95,-621,10,88292
1948,-16100,-2712,10,-358,179,88313
1420,-16136,-2232,85,-326,287,88334
1652,-16116,-2484,72,-384,365,88355
1412,-16164,-2384,90,-246,502,88376
1612,-16200,-2440,104,-375,586,88397
1412,-16276,-2320,109,-233,697,88418
1376,-16300,-2264,41,-199,707,88439
1080,-16232,-2392,24,-223,667,88460
1348,-16088,-2456,31,-425,639,88481
1268,-16228,-2328,-23,-329,607,88502
1092,-16348,-2324,-55,-337,512,88523
964,-15996,-2380,-60,-440,377,88544
1336,-15984,-2508,-87,-478,301,88565
1092,-16120,-2264,-72,-413,321,88586
1060,-16252,-2344,-73,-433,274,88607
1340,-16192,-2476,-23,-501,260,88628
1320,-16348,-2400,51,-535,320,88649
1308,-16404,-2424,26,-196,354,88670
1752,-16576,-2904,137,414,632,88691
448,-16168,-1720,174,33,627,88712
1460,-15952,-2272,111,-101,672,88733
904,-15984,-2196,108,242,749,88754
500,-16008,-2144,14,161,618,88775
608,-15924,-2280,13,-401,436,88796
1032,-16088,-2088,-46,-401,444,88817
816,-16040,-2304,-56,-326,500,88838
928,-16228,-2244,-109,-270,534,88859
664,-16332,-2156,-80,-463,435,88880
848,-16300,-2368,-90,-581,338,88901
784,-16300,-2208,-180,-329,222,88922
540,-16208,-2120,-263,-373,-34,88943
564,-16124,-2288,-282,-452,-305,88964
780,-16196,-2384,-279,-530,-455,88985
976,-16024,-2076,-310,-452,-466,89006
952,-16140,-2220,-276,-420,-405,89027
1228,-16148,-2428,-302,-350,-251,89048
1180,-16228,-2420,-268,-256,-16,89069
956,-16172,-2436,-164,-401,92,89090
860,-16168,-2420,-117,-554,111,89111
1032,-16212,-2472,-165,-468,164,89134
716,-16132,-2344,-143,-333,195,89155
768,-16144,-2356,-152,-494,71,89176
972,-16116,-2244,-123,-443,19,89197
920,-16160,-2260,-164,-365,-71,89219
700,-16324,-2328,-155,-353,-207,89240
736,-16196,-2292,-151,-440,-344,89261
896,-16252,-2368,-175,-482,-461,89282
924,-16108,-2444,-201,-423,-542,89303
1032,-16120,-2428,-186,-397,-543,89324
956,-16116,-2360,-192,-454,-533,89345
1292,-16056,-2432,-193,-347,-398,89366
1112,-16076,-2388,-178,-253,-291,89387
1204,-16208,-2372,-134,-299,-199,89408
1092,-16184,-2404,-129,-380,-214,89429
1104,-16236,-2424,-92,-337,-155,89450
1240,-16152,-2320,-110,-289,-94,89471
1024,-16172,-2396,-97,-332,-164,89492
1124,-16184,-2336,-83,-392,-218,89513
1244,-16188,-2360,-74,-358,-260,89534
1204,-16160,-2448,-99,-268,-229,89555
1240,-16076,-2356,-74,-302,-197,89576
1204,-16204,-2380,-40,-289,-203,89597
1232,-16096,-2308,-51,-239,-192,89618
1276,-16184,-2272,-62,-202,-156,89639
1324,-16116,-2120,-85,-164,-99,89660
1252,-16132,-2136,-140,-110,-48,89681
1296,-16172,-2208,-147,-8,-35,89702
1112,-16132,-2268,-103,38,-26,89723
1316,-15992,-2384,-247,14,-87,89744
1260,-16152,-2300,-205,103,-147,89765
1016,-16300,-2520,-102,-42,-244,89786
1040,-16232,-2440,-21,-544,-343,89807
1368,-16152,-2328,19,-738,-351,89828
1860,-16412,-2896,124,-256,-216,89849
1380,-16120,-2684,328,-6,-57,89870
1496,-16200,-2668,504,-118,-35,89891
1488,-16292,-2512,586,-128,22,89912
1580,-16212,-2640,683,77,158,89933
1328,-16272,-2292,763,216,177,89954
1312,-16340,-2320,820,-7,166,89975
1264,-16128,-2136,840,-70,99,89996
1304,-16212,-2032,807,-230,27,90017
1420,-16344,-2136,798,-44,30,90038
1052,-16256,-1896,782,-114,-61,90059
1340,-16108,-2168,764,-359,-97,90080
1392,-16108,-2144,723,-315,-52,90101
1252,-16084,-1752,701,-294,0,90122
1464,-16272,-1800,668,-308,-7,90143
1444,-16468,-1928,669,-268,21,90164
1452,-16400,-1880,690,-175,40,90185
1440,-16264,-1756,705,-218,29,90206
1624,-16492,-1760,688,-168,17,90227
1160,-16356,-1432,704,-250,-10,90248
1424,-16344,-1624,634,-400,-132,90269
1228,-16500,-1496,622,-451,-212,90290
1116,-16040,-1424,545,-642,-338,90311
1208,-16248,-1468,516,-793,-456,90332
1212,-16120,-1568,490,-816,-478,90353
1108,-16068,-1372,439,-964,-563,90374
1480,-15832,-1392,439,-1093,-565,90395
1844,-15844,-1660,273,-697,-464,90416
1524,-16100,-1296,273,-416,-343,90437
1484,-16140,-1292,185,-450,-330,90458
1544,-16296,-1340,134,-547,-337,90481
1576,-16152,-1448,135,-572,-338,90502
1584,-16148,-1608,97,-446,-278,90523
1516,-16292,-1420,94,-445,-261,90544
1716,-16168,-1448,49,-520,-254,90565
1728,-16172,-1296,9,-329,-174,90586
1748,-16340,-1496,-42,-112,-114,90607
1668,-16504,-1364,10,-218,-83,90628
1688,-16320,-1240,15,-391,-89,90649
1728,-16176,-1360,33,-475,-68,90670
1780,-16352,-1372,-33,-336,-13,90691
1540,-16184,-1216,-14,-445,-74,90712
1640,-16320,-1256,-69,-496,-146,90733
1792,-16200,-1332,-77,-614,-189,90754
1760,-16168,-1260,-130,-596,-216,90775
1808,-16164,-1340,-198,-496,-216,90796
1672,-16156,-1296,-202,-415,-254,90817
1620,-16356,-1536,-256,-447,-335,90838
1616,-16220,-1504,-217,-545,-444,90859
1836,-16276,-1448,-284,-571,-506,90880
1748,-16220,-1440,-267,-545,-498,90901
1916,-16172,-1480,-271,-431,-467,90922
1784,-16228,-1356,-341,-431,-503,90943
1856,-16132,-1416,-329,-463,-502,90964
1872,-16160,-1332,-362,-311,-510,90985
1824,-16352,-1300,-346,-367,-500,91006
1984,-16164,-1264,-370,-455,-519,91027
2056,-16300,-1540,-400,-384,-467,91048
1996,-16192,-1632,-394,-377,-452,91069
2044,-16276,-1536,-427,-410,-430,91090
2076,-16296,-1484,-417,-495,-401,91111
2128,-16144,-1468,-442,-457,-380,91132
2152,-16008,-1568,-450,-374,-321,91153
2204,-15968,-1708,-496,-260,-243,91174
2192,-16208,-1520,-470,-257,-162,91195
1992,-16076,-1664,-466,-355,-184,91216
2212,-16216,-1796,-483,-304,-124,91237
2312,-16152,-1536,-485,-146,-116,91258
2012,-16128,-1524,-507,-230,-125,91279
2248,-16200,-1744,-500,-250,-126,91300
2160,-16168,-1732,-484,-212,-152,91321
2200,-16104,-1660,-502,-199,-180,91342
2120,-16096,-1692,-461,-209,-115,91363
2312,-16192,-1860,-475,-246,-76,91384
2240,-16160,-1944,-426,-167,8,91405
2224,-16140,-1852,-355,-193,81,91426
2272,-16208,-1952,-356,-246,152,91447
2212,-16164,-1916,-334,-136,202,91468
1992,-16136,-1772,-266,-124,127,91489
2112,-16240,-1756,-240,-245,40,91510
2004,-16180,-1992,-251,-236,0,91531
2108,-16112,-1908,-261,-213,-40,91552
2272,-16100,-1960,-263,-180,-67,91573
2108,-16060,-1820,-250,-95,-46,91594
2332,-16144,-2076,-245,-50,-30,91615
2228,-16304,-2016,-224,55,33,91636
2216,-16220,-1868,-219,-146,98,91657
2460,-16192,-2060,-250,-18,234,91678
2112,-16208,-1804,-206,42,314,91699
2280,-16160,-2092,-180,-67,312,91720
2056,-16204,-1856,-132,-45,318,91741
2116,-16192,-2008,-105,-105,311,91762
2060,-16212,-1908,-74,19,328,91783
2132,-16232,-2008,-44,36,315,91804
2080,-16104,-1852,-24,-202,266,91827
2180,-16120,-1976,31,-142,258,91848
2136,-16168,-1900,44,-162,248,91869
2068,-16260,-1940,58,-57,277,91890
1996,-16256,-1956,122,-96,224,91911
2072,-16196,-1868,188,-189,216,91932
2012,-16076,-1892,182,-159,243,91953
2040,-16212,-1860,225,-118,288,91974
2116,-16212,-1936,273,-142,312,91995
1972,-16300,-1920,318,-144,341,92016
2144,-16240,-1952,371,-222,353,92037
2048,-16184,-2016,377,-105,433,92058
1908,-16056,-1832,491,-225,458,92079
1828,-16272,-1692,598,-553,414,92100
1836,-16204,-1676,688,-777,456,92121
1824,-16200,-1396,739,-879,504,92142
1428,-16308,-1584,831,-1241,505,92163
1764,-16264,-1592,961,-1760,482,92184
2120,-16456,-1756,1049,-1578,618,92205
2120,-16328,-1796,1121,-1253,747,92226
1908,-16332,-1804,1252,-859,724,92247
2100,-16296,-1348,1316,-575,794,92268
2108,-16128,-1328,1445,-226,1069,92289
2692,-16092,-1808,1503,283,1570,92310
2724,-16220,-1552,1629,1192,2256,92331
1936,-16400,-1140,1770,1552,2819,92352
1796,-16152,-1028,2002,1342,3361,92373
2044,-16368,-1204,2212,1478,4117,92394
1576,-16436,-1124,2548,1046,5237,92415
2004,-16844,-260,3074,311,6582,92436
1956,-17348,-1200,3186,374,8167,92457
620,-18960,-892,3566,-642,10233,92478
472,-19272,-2384,3676,-1519,11481,92499
988,-18476,-3284,4478,-1749,11865,92520
484,-21408,-1856,5530,-2623,11737,92541
-236,-21088,-3868,5846,-3839,11640,92562
-2544,-19124,-3388,5466,-5143,11753,92583
-2464,-16232,-4752,4130,-8657,9849,92604
2584,-15444,-2764,4460,-12113,5563,92625
6808,-13360,-2568,3026,-10842,1605,92646
8472,-12476,-1884,1689,-5943,-669,92667
6920,-11008,-1468,-1148,-570,-3410,92688
7388,-11868,-1116,-3602,4190,-6215,92709
7004,-12796,-664,-5728,9553,-8434,92730
5156,-14132,28,-6865,13673,-10541,92751
3840,-15952,796,-7001,14565,-12824,92772
2752,-17208,940,-6621,13605,-15047,92793
1380,-18664,284,-5878,11910,-16816,92814
228,-19564,-632,-5355,10674,-17709,92835
-1308,-20216,-1888,-4912,10399,-17785,92856
-2772,-19652,-2020,-4869,9675,-15982,92877
-2704,-18980,-2452,-4863,8755,-13758,92898
-2032,-18652,-2024,-5388,8616,-11332,92919
-1468,-18120,-552,-5119,8881,-9422,92940
-1572,-16356,-360,-4879,9992,-7426,92961
-2172,-16476,292,-4382,11212,-5786,92982
-2052,-15844,-32,-3826,11283,-4378,93003
-2928,-14780,-220,-3641,12114,-2642,93024
-5780,-14792,-4,-3576,10451,-1103,93045
-6904,-15192,-20,-3127,8667,877,93066
-8552,-16248,-1748,-4356,7078,3953,93087
-13016,-17612,-1532,-768,4380,9171,93108
13728,-12276,-3068,-581,-17530,2071,93129
18172,-18464,-232,-1475,-2980,5427,93150
-2400,-20084,-3588,-2686,5112,10567,93173
-2016,-25296,832,645,-3050,10103,93194
4436,-12488,-3504,-3560,1458,10281,93215
-2708,-17480,-2192,-1884,446,7732,93236
-316,-16232,-4712,-784,-3277,6054,93257
2864,-16280,-2796,-618,-1394,4787,93278
2800,-17300,-2020,-1073,1734,4320,93299
928,-16940,-1736,-1639,2217,4217,93320
-720,-16512,-1604,-1752,142,3508,93341
324,-17500,-3252,-1909,-1541,2346,93362
1384,-16208,-3476,-1373,-1225,2197,93383
376,-16164,-2096,-1362,-1378,1591,93404
1388,-16208,-3036,-1445,-1213,1414,93425
984,-16008,-2932,-1121,-567,1632,93446
952,-16032,-3124,-960,-886,1853,93467
952,-15880,-2916,-896,-886,2293,93488
812,-15928,-3156,-619,-868,2502,93509
400,-16252,-2588,-379,-1201,2618,93530
924,-16156,-3348,-443,-1238,2993,93551
1384,-17104,-1220,-110,-1756,3058,93572
-80,-16284,-3100,-27,-1785,3401,93593
332,-16420,-3532,219,-2034,3861,93614
236,-16272,-3156,590,-2339,4974,93635
312,-16384,-3752,1075,-2749,6252,93656
0,-16524,-3500,1960,-2418,8200,93677
-340,-16692,-3336,2410,-3157,9969,93698
-792,-17016,-2512,3031,-1942,12080,93719
3104,-15232,-7724,4186,-2029,5638,93740
-32,-15036,-844,2435,-1328,5901,93761
-7836,-16404,-1980,3743,-686,9985,93782
-2444,-18924,-1892,4330,-3930,11559,93803
-676,-19452,-2844,5057,-3102,12655,93824
-2456,-20456,-2152,5907,-2777,13732,93845
-2304,-19684,-1244,6178,-4150,14638,93866
44,-20240,-1288,6498,-4428,15615,93887
2028,-21652,-2308,7381,-3308,17712,93908
1884,-22540,-4324,7986,-520,20605,93929
-1836,-24088,-3028,7437,-2118,20941,93950
512,-27544,-3300,8456,-7628,20197,93971
3912,-27516,-4476,9757,-9294,20156,93992
1996,-21620,-7820,7558,-4576,22626,94013
-4768,-12252,-7788,6006,3913,20679,94034
-7880,-12212,-3656,3492,1905,13704,94055
-2624,-12576,-1216,1079,-9247,875,94076
9888,-5452,-2420,2450,-16290,-8536,94097
8104,-4040,-952,-1905,-4935,-12924,94118
816,-5988,-276,-4480,-340,-18910,94139
464,-8488,364,-6328,-11,-22659,94160
1676,-10452,-1500,-8731,1663,-27628,94181
3180,-12164,-916,-11509,5637,-32451,94202
-1116,-16996,304,-13111,9907,-32768,94223
-4300,-19460,1436,-12733,9776,-32768,94244
-3668,-20964,288,-12303,9430,-32768,94265
-4004,-22556,-1592,-12541,10347,-32768,94286
-5036,-23792,-2772,-12789,9477,-32768,94307
-5388,-24204,-3388,-13014,7052,-32768,94328
-5580,-25028,-3548,-13451,5728,-32768,94349
-6844,-27680,-3096,-13272,6645,-32768,94370
-9204,-28540,-104,-10363,7113,-29575,94391
-11540,-25624,1532,-7062,6610,-22769,94412
-13400,-20264,-572,-5889,7671,-15097,94433
-18696,-17444,1056,-3833,7212,-4112,94454
-18108,-25348,-1360,-4219,7610,10345,94475
-21476,-20160,1596,1023,4187,20179,94496
16268,-19948,-8032,3586,-18807,14627,94519
27340,-14736,-4432,2083,-2206,10997,94541
3144,-17236,480,6642,10884,22802,94562
-5872,-16912,-8316,-2919,11768,26570,94583
-2096,-19476,1152,2747,3213,16599,94604
-1700,-12888,-6536,-1709,-1552,13234,94625
-5376,-18560,-556,2282,-6027,11659,94646
2620,-16760,-3116,1253,-8532,9598,94667
6144,-17440,-3832,570,-945,9056,94688
-352,-18564,-2440,1291,547,12189,94709
28,-15464,-3400,39,1518,10142,94730
-1928,-16812,-2752,937,-2500,7226,94751
64,-16296,-3056,846,-2673,5290,94772
356,-16396,-2516,817,-1285,5036,94793
-532,-16056,-2692,334,121,4664,94814
-1428,-15764,-3088,190,-737,3590,94835
-1400,-15908,-2744,-110,-2079,2352,94856
-416,-16260,-3200,-2,-2421,2399,94877
-120,-16508,-3184,401,-2410,3185,94898
-1140,-14664,-3252,1185,-1845,3414,94919
-3760,-15004,-740,162,-1716,4076,94940
-1372,-16532,-2776,1022,-4876,4991,94961
924,-15864,-4512,1380,-3527,4547,94982
-2520,-18680,-2864,1456,-3489,8589,95003
-352,-18216,-2476,2314,-6067,9779,95024
808,-19064,-2040,2638,-5356,11540,95045
-316,-19060,-2192,3187,-4736,13851,95066
-712,-20900,-2576,3890,-5406,15630,95087
152,-22676,-2960,4987,-6266,17879,95108
2048,-24788,-4592,5919,-6789,20113,95129
3464,-26872,-5688,6396,-8478,22218,95150
2996,-28428,-4988,6248,-8908,25521,95171
3096,-29904,-6896,7284,-13313,26659,95192
5444,-30692,-6536,7402,-19168,25088,95213
5516,-24432,-9312,7539,-20937,21464,95234
992,-16536,-11604,4387,-12084,23352,95255
-7240,-10888,-7132,-1237,-6654,16732,95276
-9736,-9764,3936,903,-8641,7152,95297
5860,-5828,-4360,-741,-19508,-9985,95318
16272,344,-1132,-4734,-9514,-14117,95339
9248,-2808,-28,-10999,8276,-18010,95360
-372,-5992,-1472,-12899,13130,-23564,95381
-2080,-8708,672,-14910,8569,-28703,95402
340,-12000,2116,-15732,3167,-32768,95423
-1764,-15500,2828,-17654,1796,-32768,95444
-2788,-20104,7536,-16715,-454,-32768,95465
160,-21588,6316,-16048,-897,-32768,95486
868,-24652,2996,-15554,4910,-32768,95507
-508,-27144,1488,-14674,9938,-32768,95528
-792,-27488,-504,-13368,14551,-32768,95549
-4120,-29392,-1128,-12491,20976,-32768,95570
-7628,-30088,-1024,-10092,23961,-30077,95591
-10916,-28604,-2788,-6746,23316,-23841,95612
-16980,-21288,-1600,-4445,18029,-14407,95633
-21744,-18636,-2364,-907,10800,480,95654
-26388,-22356,-444,-1099,6923,5070,95675
-27312,-19688,-3692,201,-847,17539,95696
-744,-25948,8,3619,-26544,15484,95717
32767,-32768,-3536,2731,-11796,8689,95738
14616,-1184,-9948,2863,5925,26758,95759
-6904,-22392,3548,-582,12773,30411,95780
-5184,-15128,-668,-2240,1737,14655,95801
-2920,-10940,-5424,-1533,357,10587,95822
-1816,-20016,-1588,-3,-3769,11627,95843
324,-19604,-3004,299,-6873,9224,95866
4700,-14528,-3780,-382,-3505,8442,95887
-648,-21564,-664,-759,1290,11144,95908
708,-14400,-3212,626,1434,11673,95929
-2988,-16608,-4076,782,349,9185,95950
-904,-16112,-2840,895,-2655,6298,95971
-8,-16976,-2464,788,-1622,5549,95992
-508,-16232,-1616,489,-250,5327,96013
-768,-16004,-2260,-150,-125,4096,96034
-1752,-16008,-3324,-367,-1350,3060,96055
-1256,-15764,-2608,-165,-2069,1953,96076
-308,-17424,-3704,-67,-2435,1108,96097
-3364,-14780,-2656,88,-831,3526,96118
-620,-17348,-2664,89,-3466,1843,96139
-1344,-14412,-3580,-686,-1746,1242,96161
-3284,-17444,-3008,798,-5189,3946,96182
1336,-16948,-4336,1116,-5716,5357,96203
40,-17724,-3040,1539,-5628,7706,96224
824,-18244,-1956,2201,-5515,9831,96245
1532,-18816,-2972,3120,-3255,12631,96266
-412,-20332,-2736,3674,-2323,15020,96287
-1264,-21616,-2244,4558,-3718,17356,96308
692,-23120,-3920,4919,-4893,19668,96329
1752,-25608,-5788,4656,-6888,22308,96350
3880,-29076,-6960,4701,-10029,25220,96371
5468,-29848,-8532,4161,-13680,26614,96392
2264,-28948,-5872,4635,-16654,27908,96413
3600,-25052,-7012,4839,-23628,23532,96434
3132,-19248,-6312,4584,-22163,20641,96455
-8352,-12656,-9016,529,-9433,16826,96476
-16676,-656,-7596,16289,-4950,11250,96497
-124,-5496,624,-5622,-19047,-4853,96518
18156,-5464,-396,-1642,-17067,-17400,96539
17280,-1612,-2032,-8070,6539,-14977,96560
2772,-6824,-1520,-11772,18078,-20688,96581
-5948,-11696,1236,-12000,13621,-25878,96602
-2448,-13376,2104,-12356,2735,-31455,96623
1380,-13560,1192,-14835,1677,-32768,96644
-1524,-18900,3720,-15540,2997,-32768,96665
-1208,-20504,3616,-15163,1744,-32768,96686
1404,-22468,1348,-15798,4508,-32768,96707
728,-24892,372,-14926,8267,-32768,96728
-660,-28680,1220,-15055,10288,-32768,96749
-1432,-29672,696,-13230,13922,-32768,96770
-4612,-30352,-380,-10824,20173,-32768,96791
-9920,-29488,-1988,-8521,25564,-27850,96812
-13956,-25200,-4188,-5907,27724,-18350,96833
-19832,-19588,-48,-5833,22015,-11127,96854
-25792,-16520,-3536,-1236,16512,6594,96875
-28304,-22320,-3448,-4670,7584,12996,96896
-14904,-19468,-1496,2301,-6221,20397,96917
19832,-25200,1844,3487,-16879,10893,96938
26740,-18896,-8004,4270,2088,22365,96959
-6924,-9680,2652,-6299,12678,32767,96980
-12508,-32156,1552,-1687,8323,26590,97001
-3544,-15312,608,-31,-1131,11134,97022
608,-13940,-5336,-2518,-2842,9725,97043
-2860,-19476,-2040,-495,-4534,9621,97064
1148,-17620,-3104,-346,-6372,7645,97085
3724,-17628,-3608,-779,-1528,6956,97106
740,-17004,-416,-638,219,8322,97127
68,-16480,-3712,-371,477,8258,97148
-1336,-15824,-3604,-294,-2237,5852,97169
-84,-16468,-2624,-239,-4183,4148,97190
1208,-16348,-2184,-125,-1521,4614,97213
-1280,-15584,-2496,-428,-750,5041,97234
-600,-16044,-2984,-267,-2358,4525,97255
-752,-16224,-3368,226,-3337,4780,97276
-456,-16792,-2404,450,-3665,4969,97297
-1052,-16172,-2976,883,-3243,6279,97318
2548,-13120,-9124,2132,-2536,2661,97339
-1696,-14776,-3784,1807,-3339,6004,97360
-3664,-15252,-1088,1437,-2742,7272,97381
-2828,-17696,-2324,1759,-4280,7568,97402
-152,-17636,-716,1303,-5485,8147,97423
-1012,-18964,-1648,2398,-4719,9929,97444
416,-19912,-1404,3349,-5007,13029,97465
408,-20528,-1640,4294,-3209,15948,97486
-1340,-22096,-1652,5399,-3943,18677,97507
1252,-23980,-4020,5904,-6228,20838,97528
4332,-28136,-3328,7072,-6525,24378,97549
2836,-30148,-1264,7085,-6860,27285,97570
1932,-30568,20,7606,-9945,26829,97591
7004,-31840,-2148,9417,-16674,22339,97612
7880,-23796,-11352,9343,-10153,21519,97633
-2444,-15732,-11780,4089,11004,25461,97654
-13464,-11148,3284,15568,11036,15140,97675
-6396,-4152,-464,3250,-14820,-2650,97696
10472,-2072,-4072,6032,-26450,-15575,97717
13604,608,-4704,1331,-11075,-19438,97738
4896,-2600,-996,-2650,1325,-27899,97759
2956,-6672,-2136,-5206,6873,-31415,97780
3744,-10024,-4172,-8799,12475,-32768,97801
-1588,-14136,-3812,-12120,20272,-32768,97822
-8920,-22216,276,-11031,21520,-32768,97843
-10888,-26700,4424,-8056,18609,-32768,97864
-6264,-26348,292,-4120,18879,-32768,97885
-5212,-25552,-3100,-2586,24938,-32768,97906
-2424,-24568,-6804,-1931,32767,-29927,97927
-1324,-22860,-12404,-3508,32767,-27018,97948
-5180,-26956,-12320,-2081,32767,-24024,97969
-7864,-25336,-14124,-1602,32767,-21582,97990
-6792,-19984,-21448,-5172,32767,-16487,98011
-10712,-16896,-18536,-8667,32767,-10875,98032
-18312,-21532,-3592,-3539,32767,-3915,98053
-28572,-19400,-21272,-8505,28710,12881,98074
-32768,-18256,2344,-1060,32767,20952,98095
-28556,-12372,-6148,-4310,-19667,9787,98116
16872,-24216,-9876,-9951,-26061,-1566,98137
21504,-15604,-2540,-7156,-8183,-11172,98158
10700,-18696,8488,-4115,4495,12868,98179
-1700,-14472,6764,-7042,4195,4690,98200
1464,-17920,-2820,-6943,1724,4694,98221
5112,-17556,-5464,-5831,2633,4487,98242
1464,-18176,752,-3881,957,4270,98263
4984,-17032,524,-3410,-35,5166,98284
7160,-17164,-3528,-3278,5119,6970,98305
1460,-16872,-2496,-2057,8027,7462,98326
-2160,-17192,396,-1174,3693,6644,98347
1460,-17860,256,-449,1097,5801,98368
916,-17032,204,-163,2667,5556,98389
232,-17844,-984,477,1189,5217,98410
596,-16888,-1144,952,789,4929,98431
-104,-16560,2564,869,1018,4325,98452
1576,-16800,-956,1233,1770,4131,98473
2528,-18192,-2912,2371,4577,5167,98494
-1680,-16892,-560,3014,4697,4796,98515
-2384,-16064,-600,2767,2073,3519,98536
-300,-16408,124,2837,608,2944,98559
-1000,-15772,1084,2686,2532,2243,98580
-2204,-15536,1068,2711,2360,1358,98601
-708,-16500,-576,2947,2558,708,98622
-1076,-16288,-996,3328,2809,600,98643
-1956,-16716,980,3889,1426,207,98664
548,-16264,776,4540,2482,140,98685
-216,-16160,296,5239,5145,624,98706
-1344,-17392,276,6237,5522,704,98727
-476,-18064,-1492,7752,4393,836,98748
-36,-16336,-752,8995,4211,1836,98769
3096,-16920,-724,9594,4599,3346,98790
1736,-19536,1448,9884,9521,4753,98811
-2028,-22404,3916,11118,7637,4323,98832
3244,-23724,1920,12980,6289,2918,98853
5568,-19020,920,14183,11707,4066,98874
944,-18228,2956,14985,19029,4033,98895
1528,-17232,1076,14911,26230,899,98916
3868,-17760,-1420,14291,32767,-992,98937
10800,-12820,-23228,6908,32767,-2111,98958
-3544,-15068,-15000,8677,32767,806,98979
-15732,-15120,-7280,8733,32767,-1854,99000
-5788,-14620,-3640,10179,26297,-3608,99021
3296,-13064,-8304,8037,25508,-8148,99042
1420,-12972,-9692,6001,27472,-11103,99063
-1380,-13224,-9776,4018,26650,-12489,99084
-1832,-13972,-7976,1716,25040,-14027,99105
-804,-14128,-6020,-827,25103,-15657,99126
-920,-15176,-5192,-3113,26379,-17050,99147
-2380,-16480,-6708,-4565,27214,-17879,99168
-2532,-16840,-7076,-5848,26117,-18970,99189
-1876,-17848,-7660,-7243,24954,-20010,99210
-2564,-18616,-7632,-8443,23667,-20730,99231
-2920,-20088,-7328,-9362,20915,-21471,99252
-3732,-20864,-7400,-9469,17700,-21144,99273
-5808,-20044,-6512,-9530,13200,-20376,99294
-6292,-19024,-6200,-9772,7677,-19292,99315
-5040,-17456,-5216,-10751,3994,-17722,99336
-4380,-18892,-2716,-11062,2403,-15619,99357
-3260,-20492,-2844,-11234,2213,-12725,99378
-6016,-19820,4060,-7202,4418,-7972,99399
-10692,-19016,2312,-4671,2615,-3087,99420
-12864,-16988,3476,-3078,750,2665,99441
-14160,-22884,9572,-309,895,10353,99462
-9496,-23036,6716,459,2137,19354,99483
7968,-32200,9276,8740,-3980,16996,99504
13144,-17664,-5184,1145,2415,22192,99525
1084,-12512,-8748,1523,11136,15847,99546
-15564,-11364,2892,1107,2244,7645,99567
636,-19736,-2772,5493,-10669,8044,99588
4748,-21012,-4408,-1043,-740,9173,99609
220,-15308,-1860,-8,1131,10241,99630
-2364,-15908,-1852,-1661,-1853,6385,99651
-748,-16552,-4536,-1158,-2475,4097,99672
-780,-16336,-3992,-504,-1706,2946,99693
-136,-16420,-3700,33,-1063,2024,99714
-328,-16300,-3540,169,-885,1306,99735
-776,-16200,-2004,-340,-1506,613,99756
-376,-15856,-3212,-753,-1820,401,99777
52,-15864,-4192,-511,-1907,453,99798
-212,-15772,-3856,51,-1935,1086,99819
684,-15848,-4420,-1111,-2061,1778,99840
672,-16188,-3396,130,-2404,2984,99861
-280,-16248,-3280,315,-2802,3531,99882
-764,-16532,-3092,-78,-3332,3235,99905
-56,-17488,-4140,-729,-3658,2418,99926
772,-17468,-2944,519,-4274,4015,99947
-144,-17136,-3096,879,-4444,5977,99968
676,-17544,-2984,1073,-4971,7799,99989
976,-18176,-2256,1298,-4526,9873,100010
368,-19308,-1960,1238,-4291,11670,100031
640,-19220,-3464,2132,-4321,13632,100052
708,-19416,-3312,2760,-4461,15910,100073
1072,-20388,-4452,3475,-3987,17581,100094
2112,-21428,-4112,4454,-4803,19006,100115
2120,-23720,-4224,4114,-7497,22123,100136
3572,-25076,-4284,5048,-10654,23301,100157
4128,-27600,-3600,6425,-10714,26401,100178
8732,-32272,-8732,4745,-15777,23943,100199
7216,-27420,-7804,6410,-17241,23382,100220
2516,-18544,-12084,3036,-9579,21008,100241
-40,-24248,-7628,-3514,-8929,11999,100262
-12424,-4236,-964,1832,-6774,14287,100283
2604,-8624,-508,-1271,-26056,-13370,100304
18380,-1976,-2676,-194,-23836,-16939,100325
17912,-24,-2844,-8984,-358,-23120,100346
4416,-8200,-1348,-11999,13274,-27993,100367
-3792,-12308,100,-12520,9227,-32164,100388
-860,-14036,2540,-12931,784,-32768,100409
452,-18156,4040,-14212,-832,-32768,100430
996,-22300,6116,-14093,2682,-32768,100451
-3540,-24720,964,-13463,7153,-32768,100472
-6116,-26028,-484,-12451,7607,-32768,100493
-3672,-26080,-444,-10826,7713,-32768,100514
-7508,-29244,-480,-9401,9855,-32768,100535
-9568,-28628,-324,-8176,10242,-32768,100556
-10236,-24556,-2776,-6610,7965,-30930,100577
-7444,-24188,-1844,-5680,7167,-25174,100598
-7656,-22836,-3300,-4901,13588,-14046,100619
-15300,-17612,-1132,-3807,14547,-4585,100640
-15660,-16276,-3820,-3314,8218,1238,100661
-15160,-20092,280,-1965,3053,12004,100682
-8776,-22496,-1336,829,-1200,18248,100703
-1908,-17664,4000,1030,-13432,18801,100724
32767,-32768,-3124,-3725,2130,22096,100745
4224,-13384,3632,-2407,5649,22560,100766
-1484,-13768,-3168,-1962,14502,13023,100787
-6092,-22836,-5784,-2913,2214,20899,100808
-1580,-12052,-6052,452,-10898,12786,100829
3284,-20236,-6612,-1684,-5464,9946,100850
2280,-15004,-6892,-2088,-2109,11888,100871
992,-17176,-2944,-952,-1809,10513,100892
-216,-17064,-3400,-901,-2475,8788,100913
-976,-16632,-4552,-927,-4897,5984,100934
508,-16448,-3588,-173,-4702,4570,100955
616,-16376,-3756,158,-2714,4054,100976
-164,-16252,-3628,237,-1635,3104,100997
-876,-15620,-3544,-886,-1763,1838,101018
-1104,-15864,-3040,-727,-3141,931,101039
604,-16292,-3680,-147,-3251,1985,101060
340,-15348,-4052,157,-2580,2797,101081
-952,-15652,-3572,275,-3310,3502,101102
232,-16140,-2896,301,-4796,4212,101123
840,-16376,-3088,329,-3981,5881,101144
368,-16792,-3492,618,-4096,7421,101165
92,-17592,-3856,919,-3988,8830,101186
116,-19220,-2296,1678,-5230,9960,101207
2456,-19300,-2272,2408,-4859,12436,101228
2380,-20296,-2728,2909,-3648,15702,101251
1828,-21972,-2888,3715,-4292,19021,101272
2824,-22220,-3232,4264,-5783,21861,101293
3096,-23096,-2384,4667,-7064,23745,101314
4324,-26072,-728,5070,-10036,24500,101335
5060,-30296,1204,5905,-13997,26020,101356
12540,-30052,-1168,9945,-16579,24852,101377
12076,-26044,-6784,10703,-14806,20848,101398
9496,-24264,-12716,8424,-1750,21226,101419
23240,-32768,7344,4461,6999,12758,101440
-18576,7688,-3352,13531,25181,19627,101461
-12844,-2368,-10688,-7147,-523,-4794,101482
5040,-17768,3444,15752,-29243,-19807,101503
15868,1696,-5388,4631,-14622,-17265,101524
5636,-3468,-3300,413,1135,-32331,101545
-1692,-9356,-2340,-3728,3420,-32768,101566
-1312,-11508,-4092,-6439,-1969,-32768,101587
2024,-10276,-7916,-12165,-182,-32768,101608
-2948,-19724,-4516,-16083,2955,-32768,101629
-5932,-23432,2904,-15612,-1182,-32768,101650
-664,-26692,600,-15769,-1930,-32768,101671
-2048,-26320,-1836,-16307,2749,-32768,101692
-3840,-27192,-3232,-16615,4002,-32768,101713
-2588,-28736,-3136,-15599,7817,-32768,101734
-3068,-30800,2416,-12617,11466,-32768,101755
-17568,-31404,2824,-9129,17612,-23802,101776
-24172,-22188,-4620,-5351,8660,-13005,101797
-30668,-16956,3636,-4407,9443,-1292,101818
-24440,-22568,84,-2884,11333,17542,101839
-8172,-28940,6840,-906,2235,26484,101860
32767,-30848,2332,4909,9311,3675,101881
3540,-3816,-1744,-4753,12764,32767,101902
-12168,-19580,-13516,-9512,15262,32767,101923
-25876,-32768,-1640,-749,2056,11330,101944
1584,-9524,-11440,1220,-14367,11108,101965
2560,-19860,-2808,-4600,-4431,5103,101986
1964,-15500,-4680,-1696,-8162,6809,102007
3060,-16164,-2652,-2185,-244,6105,102028
1308,-16152,-4668,-969,938,8332,102049
8,-16928,-4144,-562,-28,6105,102070
-1316,-16428,-3380,-277,-3198,3710,102091
-7412,-14988,14180,2203,-9514,2199,102112
4108,-16480,-4428,-55,-4855,1356,102133
4608,-15888,-3848,1753,-2494,2717,102154
-2212,-16160,-4036,-571,-1520,3454,102175
492,-15400,-3100,-637,-3785,1984,102196
1348,-15560,-4704,-1,-4174,2432,102217
1656,-16176,-3520,754,-3930,3923,102238
-64,-14436,-4660,1141,-2581,4863,102259
-2200,-16564,-2656,966,-4358,6295,102280
1520,-15564,-4228,906,-5599,7109,102301
2236,-17208,-4800,1520,-4331,9286,102322
396,-18704,-2188,1841,-4017,11663,102343
2468,-18180,-2264,1924,-3600,12304,102364
516,-19748,-2692,2206,-2291,14977,102385
1316,-20348,-3840,2483,-2337,17184,102406
-56,-21456,-2728,3331,-4106,20198,102427
-500,-22812,-3320,3301,-6226,22162,102448
1536,-23372,-4528,3998,-10156,23847,102469
4996,-29844,-1400,4220,-12438,23566,102490
5448,-32768,-5276,7853,-13416,26833,102511
3232,-32768,-3320,6277,-14519,26218,102532
7276,-26524,-12176,5447,-15853,24636,102553
472,-19376,-13972,2327,-2959,26565,102574
-7848,-8768,-788,5578,-3537,16639,102597
764,-9536,-2496,6366,-27260,-1509,102618
11260,-1736,-1920,4443,-23537,-8940,102639
10376,1716,340,677,-7233,-19584,102660
7684,-3552,-844,-2569,4806,-26134,102681
4812,-4608,-4316,-5319,12143,-29239,102702
1260,-9440,-5860,-7828,17476,-32082,102723
-3336,-12984,-4428,-9656,18393,-32768,102744
-4316,-17628,76,-9994,15663,-32768,102765
-5424,-20844,228,-9183,12634,-32768,102786
-8660,-22588,-2200,-7768,5579,-32768,102807
-6612,-22084,-4024,-8033,-937,-32768,102828
-3188,-24320,-3120,-9906,-1029,-32768,102849
-544,-28108,-2668,-11486,4098,-32768,102870
-1796,-29472,-3060,-12604,13635,-32768,102891
-7256,-29864,-188,-10375,19469,-31598,102912
-13440,-28928,-2404,-8878,23698,-22366,102933
-21004,-21032,-4312,-5099,20438,-6617,102954
-31384,-18772,-1420,-4194,13552,4643,102975
-32768,-21596,2452,-1771,9985,15592,102996
-972,-23604,8872,3760,-14962,20586,103017
32767,-30920,-8220,6393,-702,-26227,103038
8528,-268,-3188,-2026,6795,26521,103059
-7000,-19156,-3012,-10351,7969,32767,103080
-8592,-32768,9688,-2248,2871,24602,103101
-3088,-10828,-2208,1614,-2814,-1581,103122
3796,-19012,-5260,-2820,-5305,11743,103143
-1224,-16252,-2660,-765,-6265,5472,103164
3620,-15340,-3132,-1832,-8872,3524,103185
6228,-16240,-4204,-2325,-3455,4715,103206
4268,-17156,-2468,-1429,2153,7857,103227
2060,-15916,-4056,-432,1435,7942,103248
-548,-16148,-2864,49,-1443,5870,103269
1964,-16340,-2328,-273,-2818,4172,103290
3432,-15916,-2808,-206,271,5807,103311
536,-15684,-2824,-178,838,5915,103332
-12,-15928,-3056,-506,-2026,4144,103353
1680,-16192,-3604,-279,-3023,3958,103374
1012,-16544,-3084,388,-2154,4796,103395
1332,-16044,-2788,374,-1802,5281,103416
80,-16224,-2552,408,-2551,5383,103437
1212,-16424,-3652,788,-3163,5913,103458
960,-16272,-2820,1283,-3445,7707,103479
456,-16948,-1940,1425,-3472,9758,103500
856,-16492,-4296,2134,-2293,12957,103521
104,-18016,-3104,3524,-2040,16238,103542
-2876,-16924,-1608,3806,-2888,17634,103563
-1880,-18172,-3076,3863,-4988,17176,103584
-532,-18856,-4236,4352,-4430,17753,103605
-3324,-19744,-2540,4614,-4229,17912,103626
-3592,-18388,-3100,1217,-4460,16285,103647
-360,-27184,-4552,544,-8135,14957,103668
7112,-28252,-4816,558,-7664,8095,103689
-4988,-32420,-3272,4212,-5398,27961,103710
344,-23228,-4612,5905,-13456,21788,103731
436,-17272,-6892,4870,-7334,20293,103752
-7952,-11232,-4152,2746,-2182,21071,103773
-12372,-10436,1684,6036,-3415,12152,103794
-1704,-4264,-776,5783,-23637,-1026,103815
13764,-3032,-2748,5070,-20810,-9680,103836
13096,-4036,-1280,3196,-1931,-16352,103857
-948,-6844,-604,751,4869,-21433,103878
-4580,-8648,1056,659,-2712,-25440,103899
-1344,-9912,-176,-1665,-4902,-27962,103920
-1500,-13456,4108,-2839,-588,-27088,103943
-1192,-17436,4184,-4076,7237,-26979,103964
-2048,-19532,2596,-3861,16442,-27498,103985
-2164,-19480,-156,-3838,26410,-26827,104006
-2856,-21416,-1932,-3440,32767,-26113,104027
-2852,-21936,-3484,-1563,32767,-24766,104048
-3332,-23032,-5348,-202,32767,-23629,104069
-2524,-23236,-7892,993,32767,-21330,104090
-2452,-22600,-12876,-566,32767,-18032,104111
-4800,-23848,-15716,-2671,32767,-13211,104132
-12916,-17148,-22328,-6964,32767,-6510,104153
-17520,-13848,-25492,-11146,32767,-82,104174
-20020,-12000,-20508,-13972,32767,6638,104195
-24460,-20288,-5816,-1255,30875,12198,104216
-32768,-26628,32767,6395,8182,8653,104237
3684,-13412,-28460,-2210,-24404,-1058,104258
23964,-17120,-1088,-6380,-21911,-8333,104279
14204,-17484,860,-6253,9550,6831,104300
-8132,-21216,1760,-9224,9875,1246,104321
-5352,-16232,-1140,-3724,-10525,-1649,104342
6176,-18400,-5396,-4454,-8729,-1395,104363
4304,-16208,-3644,-3334,-1133,684,104384
2336,-17528,-952,-4161,1847,884,104405
416,-16668,-1600,-2843,3362,1808,104426
-124,-16400,-1284,-2474,555,142,104447
196,-15040,2200,-1038,-2278,-311,104468
2148,-16584,-1660,-1312,1464,1136,104489
1228,-15552,-1704,-1407,2121,1215,104510
1224,-16772,-1380,-1306,1331,869,104531
1844,-17012,-1668,-1341,1069,1028,104552
1240,-16744,-1304,-1042,1340,1147,104573
880,-16284,-1660,-805,1250,760,104594
1508,-16324,-1928,-545,883,468,104615
988,-16184,-1904,-93,1482,791,104636
1176,-16076,-940,-128,1372,857,104657
1160,-16504,-1916,31,1017,1196,104678
2444,-16352,-960,791,1907,1909,104699
696,-15736,-2624,2118,639,4052,104720
356,-16464,-960,1912,709,5006,104741
1688,-17716,-2080,1657,1518,5714,104762
956,-17180,-1840,2973,2184,7030,104783
-440,-15488,-1520,3358,2399,6678,104804
-1368,-16028,320,3271,693,5043,104825
-320,-16600,-1108,3239,-28,4273,104846
-416,-17324,-772,4306,1950,5342,104867
-792,-16292,-1116,5140,1666,5205,104888
-1848,-16200,-364,5346,-275,4605,104909
-1804,-17036,-96,5487,-740,4665,104930
740,-18676,76,5994,-1140,5127,104951
1588,-17100,-2084,7228,2324,7565,104972
9956,-25972,-7292,4861,4009,988,104993
-4280,-15036,3912,6660,5976,-3487,105014
-12064,-26136,5572,10360,6044,5742,105035
5004,-17336,-1620,12395,2288,7135,105056
1132,-16464,776,11623,11697,7885,105077
-6592,-19104,3288,12118,9614,7368,105098
-2728,-21060,1476,13408,5632,5796,105119
1872,-20380,-632,15077,8168,5359,105140
2032,-18836,-2128,15759,14817,4898,105161
448,-17900,-1136,16012,20632,3515,105182
-988,-17580,1236,17245,26987,2085,105203
-912,-18988,464,17773,32767,1773,105224
-3900,-17020,856,19423,32767,2987,105245
8900,-9704,-17180,14057,32767,1208,105266
12420,-10084,-19636,9438,32767,-1157,105289
-6132,-10984,-21508,4746,32767,-1279,105310
-22544,-14488,-2956,15363,25789,-3964,105331
-18544,-15100,8628,7599,-1126,-15282,105352
3020,-10068,-5948,9044,-12657,-20424,105373
7392,-10752,-8988,3129,-4260,-24479,105394
1536,-12292,-8768,-2168,5315,-24070,105415
2356,-14352,-8532,-6604,12086,-22936,105436
1552,-17700,-5256,-11075,21220,-22916,105457
-92,-21260,-1872,-11562,27598,-21741,105478
-1256,-21352,-2172,-10543,29606,-21800,105499
-2052,-20612,-5288,-9806,27821,-24851,105520
-4052,-24352,-6108,-9171,24746,-22449,105541
-5828,-20876,-3720,-7401,21477,-22965,105562
-7788,-21268,-3788,-7066,19012,-21158,105583
-10628,-21876,-468,-5081,14567,-19636,105604
-11240,-19728,-480,-4007,8375,-17363,105625
-9860,-18604,-2836,-3042,5753,-12789,105646
-12020,-15840,-1220,-3028,4257,-7148,105667
-10712,-15776,-1816,-3154,204,-2507,105688
-10548,-14904,-2572,-3345,-1269,3265,105709
-10396,-20128,-1156,-727,-671,9819,105730
-10484,-20784,9576,-602,-6390,14397,105751
19772,-19704,1148,2032,-21121,9205,105772
5064,-18380,-2952,-203,11637,17252,105793
-5064,-29196,-1572,-1719,4527,15030,105814
1544,-13920,-2080,-4007,-148,13606,105835
-3516,-17296,-3436,-4195,2784,7607,105856
-12,-15504,-3612,-3311,-2547,2768,105877
2364,-15892,-6348,-2003,-3155,5061,105898
1368,-16180,-1844,-2555,-914,5296,105919
-2164,-14356,2840,-1432,-3245,4246,105940
1032,-16724,-3980,-1744,655,4546,105961
-492,-15876,-3928,-1425,-365,2430,105982
968,-16460,-3532,-609,-730,1681,106003
464,-16144,-2452,-852,-653,1347,106024
1188,-16312,-3204,-747,-381,1718,106045
80,-15884,-3452,-874,-738,1543,106066
-952,-15836,-2352,-213,-1737,1705,106087
956,-16320,-3168,-544,-1983,1908,106108
-152,-16044,-4072,451,-2704,2555,106129
-432,-16052,-3140,591,-4853,2463,106150
764,-16500,-3372,681,-5745,2968,106171
1292,-16760,-3840,1291,-5096,5064,106192
456,-16676,-4184,2117,-4724,7430,106213
-340,-16484,-3576,2617,-5504,8649,106234
-228,-17564,-4572,2741,-5348,10218,106255
-984,-17360,-3860,3268,-5371,12175,106276
-460,-18588,-2736,3478,-7305,10777,106297
6116,-19788,-2232,2378,-6966,4945,106318
-2432,-21300,684,1583,-1044,11211,106339
-3656,-19532,480,3378,-3484,15514,106360
1480,-19976,-1680,3957,-4109,17630,106381
2220,-23244,-3292,4218,-3357,20115,106402
2828,-25480,-4524,3817,-4607,23710,106423
2852,-26936,-5360,3540,-7201,25326,106444
4096,-29356,-4944,3579,-9839,25977,106465
2536,-29868,-5252,6184,-15417,27229,106486
5832,-25728,-10204,6681,-13772,24458,106507
-2964,-17076,-12064,2929,833,28220,106528
-7144,-15340,1716,7869,-3059,14943,106549
556,-12748,1076,2591,-16573,3745,106570
18368,-6132,-2704,5471,-15482,-5025,106591
14168,-4820,-3456,849,12156,-10521,106612
2096,-6984,-3360,-1443,18094,-18488,106635
1624,-8156,-2512,-1901,16151,-25018,106656
2012,-10288,-1624,-2862,17314,-30577,106677
-544,-14760,-2140,-2938,18094,-32768,106698
-5184,-16100,-828,-2939,14657,-32768,106719
-7028,-18920,-1732,-2839,7904,-32768,106740
-5968,-21400,-3956,-3039,2547,-32768,106761
-3904,-22820,-6684,-4531,1737,-32768,106782
-3016,-23352,-6476,-6696,2378,-32768,106803
-3120,-25500,-8492,-10031,2022,-32768,106824
-7952,-30992,-8972,-12516,4628,-32768,106845
-17404,-31260,-1612,-9525,2632,-32768,106866
-23864,-27116,3752,-2834,-2065,-13581,106887
-32768,-22096,188,-4749,3040,-7162,106908
-32768,-15820,7484,-1854,1379,9937,106929
-26152,-23620,9560,1862,-2177,23918,106950
29984,-32768,-14404,-4067,-11056,14458,106971
8532,6852,-7292,4634,-1132,25755,106992
-22992,-32768,15644,-8959,4236,31928,107013
-1280,-5764,-11876,1728,-11743,26554,107034
-3064,-16492,2504,-4943,-6242,14495,107055
-3524,-16616,3264,521,-10323,9329,107076
4960,-18440,-3324,-2098,-2063,13137,107097
-3044,-16920,-3312,-1969,259,15065,107118
-4444,-15348,-3480,-3202,-2428,9222,107139
-1396,-16876,-4912,-2128,-4118,6487,107160
-2932,-16088,-4648,-804,-3693,5078,107181
-2452,-15744,-4276,-30,-3215,3092,107202
-1464,-15776,-3680,686,-1223,2540,107223
-2724,-16068,-3188,957,-600,2152,107244
-4020,-14868,-3180,399,-2225,-854,107265
-1312,-15044,-4428,576,-2753,-1460,107286
-2120,-15596,-3692,909,-2716,-827,107307
-1228,-15836,-2496,370,-4551,-1221,107328
1088,-19352,-3812,39,-5416,-113,107349
-132,-8280,-8300,1547,-2926,702,107370
-3324,-17676,-2624,1496,-4621,5068,107391
2144,-14972,-4888,712,-6016,552,107412
-3940,-21928,-3860,965,-5337,8236,107433
1008,-17744,-3108,2153,-6131,10164,107454
-248,-18764,-2108,2536,-4575,11755,107475
332,-18924,-2048,3399,-4738,14294,107496
1180,-19688,-3324,3816,-4371,16790,107517
968,-21428,-3432,4030,-5651,19965,107538
3092,-24068,-1896,4357,-7356,22701,107559
4008,-24152,-3632,6640,-6885,24675,107580
1312,-29704,-2092,6700,-8273,27617,107601
1888,-32140,-7092,8898,-9897,25087,107622
8668,-30588,-12108,7089,-5365,25408,107643
892,-21200,-13792,742,4117,28716,107664
-7380,-12944,-1664,7220,-5886,18856,107685
660,-13192,-1756,8736,-32047,756,107706
13516,-1676,-3588,7616,-29995,-2894,107727
13200,-480,944,5022,-11968,-17397,107748
10832,-4360,-128,-126,6539,-25084,107769
3488,-9136,-6052,-4431,18165,-29184,107790
-2620,-11812,-5180,-5060,20172,-32768,107811
-5224,-16192,-2988,-6180,18088,-32768,107832
-7528,-20436,-408,-5020,13110,-32768,107853
-9612,-20780,-1084,-4154,6574,-32768,107874
-8308,-20712,-5376,-5416,1642,-32768,107895
-6464,-18808,-7752,-7777,786,-32768,107916
-4820,-20540,-7208,-11899,5625,-32768,107937
-5604,-23220,-3088,-12664,7753,-32266,107958
-9132,-23856,-2024,-13387,9602,-29060,107981
-10556,-25000,-604,-10934,7075,-26735,108002
-14868,-25772,2356,-8320,6872,-17093,108023
-18568,-21196,2816,-3954,1862,-9735,108044
-22828,-20068,1088,-2609,-1869,-4989,108065
-25372,-16824,828,-3488,-320,4252,108086
-19772,-16988,-368,-2193,4373,14026,108107
-20012,-21268,7780,-1196,2027,21305,108128
6916,-32768,15812,8279,-16846,17492,108149
5720,-11912,-4672,-4299,1744,20990,108170
6204,-12256,328,-158,4986,29012,108191
-3388,-12096,-3900,-1968,5987,22083,108212
-5312,-16924,-624,-152,-855,15953,108233
-2700,-16652,-2544,-1647,-1257,12706,108254
-2124,-14560,-3504,-573,-424,11287,108275
-2448,-17032,-2176,-682,-1645,8720,108296
-2272,-16768,-3692,-160,-1313,6870,108317
-3808,-16556,-3272,548,-1857,4718,108338
-3052,-15892,-3424,603,-2761,1825,108359
-1880,-16100,-2932,920,-2296,564,108380
-2172,-16872,-3396,1230,-1378,-23,108401
-2276,-15688,-3116,608,-1532,23,108422
-3160,-14892,-1668,-491,-2642,-1039,108443
-1120,-15508,-3836,-750,-2475,-2036,108464
-2668,-15392,-4572,128,-1071,-527,108485
-2616,-16088,-2504,321,-2769,-879,108506
-1004,-17368,-2492,-382,-5159,-1457,108527
5768,-16008,-6952,-273,-7467,-6799,108548
988,-15876,-3852,493,-3773,975,108569
2756,-16532,-3648,1638,-4395,6083,108590
680,-18612,-3252,2795,-2692,11062,108611
-436,-19056,-2516,4238,-3958,15192,108632
300,-19732,528,3826,-1468,19334,108653
-1012,-21588,-2040,5975,-2294,22793,108674
1464,-20912,572,4039,-1132,22115,108695
-1848,-26656,-2676,2805,-2934,24330,108716
3256,-31812,-4236,4507,-10269,27456,108737
3180,-31244,-8296,3679,-6946,27769,108758
2204,-32768,-6564,7064,-11424,26637,108779
-712,-24616,-8992,2283,-9522,27124,108800
-4976,-18296,-5768,603,-11154,20434,108821
-5384,-11768,-2188,1508,-25959,9348,108842
10360,-7156,-6124,3177,-32768,-4005,108863
18344,-2064,-332,-991,-18237,-7974,108884
11584,-2724,-672,-6111,2189,-15130,108905
5244,-6396,-1240,-8485,9058,-21050,108926
3048,-8348,-1240,-9969,13192,-25308,108947
668,-11268,120,-11036,16663,-29661,108968
-4004,-15592,2648,-9773,14852,-32441,108989
-8156,-17156,4140,-8109,9207,-32768,109010
-9604,-20500,2136,-5615,423,-32768,109031
-9732,-19464,-444,-5496,-4077,-32768,109052
-7852,-20468,-3116,-6983,-1096,-32768,109073
-7400,-22732,-4036,-8160,10653,-29857,109094
-11560,-22284,-1200,-8409,17206,-27020,109115
-13100,-23700,-1312,-7329,16936,-21361,109136
-15148,-22432,-2224,-6260,14276,-20625,109157
-13944,-22188,-4628,-4942,8886,-15485,109178
-13072,-17896,-4108,-4173,7283,-7737,109199
-16228,-17256,-1580,-4380,6747,-881,109220
-15552,-19716,-80,-5537,1417,4773,109241
-13172,-18524,7300,-860,3685,12622,109262
-25044,-32768,11136,2750,17227,26604,109283
-4136,-11712,-14624,-11459,-5685,8673,109304
18736,-12448,-3652,234,-2476,24836,109327
-9832,-14948,3080,-2210,6604,25441,109348
-5888,-18424,-1340,-4701,-4357,11890,109369
984,-18208,-2596,-2815,-5542,11043,109390
-300,-15808,-4360,-1209,270,11955,109411
-2436,-16328,-2680,-205,218,10843,109432
-3664,-16116,-3144,-386,-1340,7486,109453
-2020,-16772,-3788,695,-1970,5815,109474
-3056,-16516,-2400,1510,-1076,4837,109495
-2032,-16016,-2516,1979,-751,3619,109516
-2100,-15708,-1984,1948,158,3504,109537
-3308,-15088,-2640,1378,-542,1883,109558
-2736,-15860,-2356,761,-751,785,109579
-1600,-16420,-2312,742,-954,1008,109600
-2372,-16616,-2680,882,-664,-143,109621
-6704,-7160,-4152,128,496,-2606,109642
420,-16292,-2700,-1362,-4059,-3876,109663
-2360,-15168,-3400,-573,-2983,-1646,109684
-2196,-17112,-2588,685,-3495,2342,109705
-1348,-17204,-2404,1038,-3728,5208,109726
-548,-16936,-2164,1351,-3611,6959,109747
-164,-17308,-2280,1853,-2811,9195,109768
-972,-17160,-2136,2408,-2393,11999,109789
176,-17396,-3720,2806,-2385,14898,109810
-1872,-19912,-3408,2930,-1462,16971,109831
-2828,-21108,-2240,2776,-4238,19104,109852
-292,-22364,-3944,5200,-5873,21333,109873
228,-27536,-5044,5438,-7781,24199,109894
980,-32768,-8064,5697,-6045,26191,109915
480,-30528,-6376,3954,-9427,24896,109936
-2992,-21416,-6808,2952,-8995,24087,109957
-6420,-15912,-5824,3183,-9789,18989,109978
496,-13088,-3556,2689,-26785,6992,109999
11848,-4248,516,3116,-27322,-2722,110020
8916,-1032,1420,-821,-14192,-9927,110041
6608,-2328,1696,-3674,-6178,-14677,110062
6344,-4900,240,-7425,4787,-17510,110083
3508,-8880,1164,-10263,14452,-21585,110104
-3020,-12828,3988,-10323,16741,-24381,110125
-8368,-14860,5876,-8719,10955,-27341,110146
-9448,-16604,5864,-6120,2216,-29520,110167
-5756,-17372,2752,-4478,-596,-31028,110188
-4380,-19868,-1000,-4367,1868,-32139,110209
-2996,-20604,-3080,-5093,8096,-31118,110230
-4388,-22336,-4224,-6079,15106,-29301,110251
-5916,-22392,-4368,-6793,19221,-27375,110272
-8224,-22240,-4844,-7652,19752,-25622,110293
-11136,-23204,-4564,-6810,16792,-22930,110314
-15008,-20424,-1516,-5319,11027,-18333,110335
-14184,-19904,-3592,-3290,4185,-11027,110356
-18220,-18236,-908,-2806,4596,-3245,110377
-19756,-14788,1172,-3387,4227,3714,110398
-27836,-19000,-6896,-6065,15340,17340,110419
-14744,-32768,19404,-8762,-27122,2148,110440
16480,-14832,-14276,1262,-13398,5812,110461
15496,-12488,-2656,-2053,3964,8052,110482
-3964,-17928,-1356,-3271,4188,17866,110503
-3564,-14584,1500,-3549,-2735,7505,110524
1920,-18976,-3672,-2320,-3219,5147,110545
660,-17088,-3396,-1387,-1092,6169,110566
348,-17456,-956,339,-2176,4248,110587
-432,-21688,640,-3057,-169,4014,110608
1108,-15928,-2592,-128,-812,4439,110629
84,-17884,-2408,488,-1921,4430,110650
596,-16384,-2744,1166,-1385,5037,110673
-164,-16864,-1928,1192,-1591,4576,110694
348,-16564,-1832,641,-2303,3424,110715
-420,-16372,-2640,214,-1420,2989,110736
-1080,-16856,-2532,-688,-1535,1739,110757
-516,-17340,-2776,-726,-1317,-27,110778
-1656,-16244,500,-1689,-1487,1295,110799
-1364,-18584,4128,-302,-1246,2998,110820
-2496,-17484,-2648,396,-1337,2145,110841
-848,-15952,-2752,370,-2681,2374,110862
-1128,-15840,-2576,497,-2044,2954,110883
-908,-15864,-2564,820,-1997,3324,110904
-1540,-15936,-3300,783,-1597,4013,110925
-1904,-15668,-1860,1244,-2527,4123,110946
-2468,-14552,-1744,1550,-2984,4527,110967
-960,-15188,-3240,1739,-2168,5369,110988
-2544,-15032,-2344,2037,-565,5876,111009
-2684,-16836,-2392,2502,-525,5381,111030
-2668,-17876,-1956,3018,-222,5029,111051
-3836,-16144,-768,3516,-240,4869,111072
-3656,-11412,-3144,2611,-1508,4865,111093
-3412,-15472,-1764,1784,783,3967,111114
-6904,-15776,-480,1751,184,2987,111135
-6032,-14916,-204,1876,-3434,1564,111156
-4900,-14544,368,1654,-3525,937,111177
-1968,-14364,-308,1317,-3224,1494,111198
-3092,-15432,924,607,296,2068,111219
-6012,-13492,1072,68,488,2247,111240
-5552,-12272,960,292,-423,1842,111261
-2092,-14372,-3624,80,2222,2038,111282
-6116,-17144,-4536,-98,4512,1347,111303
-8832,-17768,-2052,666,-151,-899,111324
-5092,-16572,680,644,-3315,-2763,111345
-3324,-16212,1804,-83,-2170,-3526,111366
-3252,-15176,304,-610,156,-3421,111387
-4604,-14684,-1640,-705,394,-3107,111408
-4472,-14668,-2360,-436,-1344,-2727,111429
-3472,-14776,-2084,-503,-2130,-2098,111450
-2848,-15292,-304,-410,-1871,-1463,111471
-3148,-15676,-8,-519,-479,-1095,111492
-3312,-15932,-580,-431,-86,-828,111513
-2792,-16244,-1600,-334,-268,-347,111534
-2728,-16936,-1176,-364,-429,68,111555
-2624,-16900,-512,-280,-293,363,111576
-3336,-16964,324,-225,13,317,111597
-3280,-17008,188,-131,-85,112,111618
-2916,-16624,-1004,-161,18,98,111639
-2944,-16560,-1936,103,12,495,111660
-4012,-15784,-1460,244,-640,666,111681
-3712,-15300,-1108,376,-1210,787,111702
-3872,-14672,-244,299,-999,807,111723
-4192,-14596,-420,238,-89,621,111744
-4600,-14800,-1040,200,158,246,111765
-4448,-15108,-1476,279,-174,-162,111786
-3856,-15988,-1100,277,-459,-467,111807
-3580,-16024,-512,191,-456,-661,111828
-3648,-16168,-52,143,-505,-765,111849
-3012,-16220,-528,-10,-383,-673,111870
-3164,-15980,-604,-67,-399,-345,111891
-2932,-15892,-564,-147,-89,-50,111912
-3564,-15620,-376,-168,255,200,111933
-3528,-15548,-988,-122,277,310,111954
-3856,-15556,-1044,-110,164,406,111975
-3944,-15592,-1040,-50,-76,352,111996
-3848,-15600,-636,-141,-351,196,112019
-3472,-15564,-848,-197,-238,129,112040
-3664,-15768,-760,-169,-274,203,112061
-3528,-15732,-652,-185,-238,312,112082
-3452,-15864,-688,-192,-270,405,112103
-3264,-16072,-924,-213,-157,595,112124
-3560,-16380,-980,-188,24,650,112145
-3896,-16028,-452,-180,-356,521,112166
-3644,-15864,-740,-212,-376,486,112187
-3812,-15940,-744,-324,-159,383,112208
-4120,-15604,-552,-339,-234,228,112229
-3952,-15468,-888,-325,-173,45,112250
-3928,-15576,-1000,-289,-153,-45,112271
-3944,-15588,-828,-268,-214,-198,112292
-3772,-15632,-900,-282,-323,-266,112313
-3560,-15660,-692,-298,-117,-226,112334
-3752,-15544,-664,-271,-211,-199,112355
-3792,-15436,-1112,-244,-118,-157,112376
-3752,-15652,-1064,-221,-261,-149,112397
-3728,-15872,-1032,-226,-448,-139,112418
-3720,-15788,-1220,-198,-686,-192,112439
-3392,-15908,-1004,-58,-698,-149,112460
-3620,-15832,-748,-105,-449,-121,112481
-3688,-15688,-564,-65,-518,-125,112502
-3368,-15624,-744,-55,-325,-4,112523
-3428,-15800,-1132,43,100,167,112544
-3680,-15904,-1088,33,68,202,112565
-3860,-15720,-708,44,-191,122,112586
-3520,-15648,-816,-10,-167,166,112607
-3632,-15776,-660,-122,34,229,112628
-3748,-15600,-828,-166,-120,257,112649
-3808,-15592,-1068,-206,-413,252,112670
-3536,-15776,-1048,-188,-378,312,112691
-3644,-15876,-724,-153,-171,361,112712
-3636,-15728,-884,-146,-187,385,112733
-3784,-15736,-844,-136,-160,417,112754
-3744,-15696,-752,-109,-219,397,112775
-3676,-15716,-936,-144,-34,376,112796
-4000,-15808,-992,-112,-45,330,112817
-3948,-15704,-896,-97,-304,205,112838
-3852,-15572,-972,-53,-372,132,112859
-3748,-15680,-976,-68,-339,162,112880
-3636,-15724,-920,-97,-225,229,112901
-3812,-15840,-904,-63,-223,198,112922
-3932,-15792,-928,-78,-268,123,112943
-3900,-15660,-1016,-51,-330,68,112964
-3576,-15572,-1176,-7,-329,184,112985
-3508,-15676,-1096,-32,-230,332,113006
-3856,-15564,-496,-87,-50,506,113027
-3676,-15732,-800,-88,44,488,113048
-3876,-15720,-836,-131,178,468,113069
-3932,-15804,-1052,-141,-55,407,113090
-4128,-15752,-716,-86,-337,316,113111
-3860,-15668,-816,-110,-399,236,113132
-3860,-15656,-720,-152,-176,266,113153
-3892,-15784,-1172,-162,-150,288,113174
-4204,-15836,-900,-120,-286,229,113195
-3916,-15660,-852,-113,-373,176,113216
-4008,-15616,-968,-91,-353,198,113237
-3772,-15516,-1136,-105,-308,278,113258
-4108,-15616,-1016,-110,-288,401,113279
-3912,-15720,-756,-87,-361,370,113300
-4028,-15516,-868,-177,-236,308,113321
-4140,-15520,-904,-149,-97,314,113342
-4100,-15680,-1048,-138,-279,194,113366
-4124,-15652,-1060,-75,-372,164,113387
-3896,-15616,-892,-71,-326,119,113408
-4084,-15704,-660,-103,-72,149,113429
-4192,-15572,-1052,-148,-230,64,113450
-4112,-15452,-1084,-120,-309,65,113471
-4084,-15708,-976,-77,-318,148,113492
-3984,-15732,-888,-114,-208,219,113513
-4048,-15576,-812,-123,-248,196,113534
-4080,-15604,-1120,-125,-252,209,113555
-3932,-15632,-996,-108,-203,254,113576
-4220,-15660,-1004,-118,-195,262,113597
-4120,-15608,-920,-102,-371,224,113618
-4108,-15592,-992,-107,-214,163,113639
-4184,-15580,-884,-145,-177,168,113660
-4148,-15576,-1216,-94,-153,165,113681
-4252,-15720,-992,-45,-231,94,113702
-4244,-15464,-652,-58,-324,7,113723
-4024,-15512,-856,-110,-208,46,113744
-4172,-15572,-1188,-99,-146,27,113765
-4260,-15716,-1216,-76,-300,-43,113786
-4120,-15676,-996,-60,-327,-45,113807
-3992,-15552,-708,-48,-328,15,113828
-4012,-15580,-968,-49,-242,129,113849
-3944,-15684,-1052,-37,-285,202,113870
-4028,-15652,-992,-65,-354,244,113891
-4208,-15600,-908,-36,-305,220,113912
-4240,-15524,-956,-36,-389,163,113933
-4176,-15380,-1084,-24,-308,119,113954
-4268,-15560,-1072,-15,-420,21,113975
-4364,-15484,-964,14,-459,-131,113996
-4252,-15576,-788,-3,-444,-313,114017
-4052,-15524,-768,-27,-426,-351,114038
-3920,-15700,-892,-42,-296,-339,114059
-4032,-15796,-972,-34,-351,-326,114080
-3884,-15660,-888,-41,-249,-302,114101
-4156,-15540,-720,-28,-313,-246,114122
-3968,-15612,-828,-30,-342,-190,114143
-3984,-15724,-896,-81,-419,-112,114164
-3828,-15632,-984,-74,-354,-33,114185
-4004,-15716,-876,-53,-307,8,114206
-4056,-15564,-992,-87,-330,10,114227
-4028,-15728,-1008,-79,-409,8,114248
-3652,-15636,-928,-116,-558,115,114269
-3564,-15752,-956,-181,-241,403,114290
-4372,-15668,-652,-110,-351,518,114311
-4160,-15280,-828,-182,-548,457,114332
-4472,-14980,-868,-153,-447,281,114353
-4352,-15236,-1328,-89,-194,59,114374
-4516,-15656,-1004,-77,-312,-233,114395
-4280,-15876,-736,-54,-623,-574,114416
-3648,-16024,-568,-51,-569,-650,114437
-3536,-15840,-796,-94,-169,-475,114458
-3884,-15984,-1052,-33,-278,-282,114479
-3728,-15720,-800,-70,-511,-65,114500
-3456,-15756,-1040,-67,-331,239,114521
-3988,-15680,-752,-83,-150,425,114542
-4124,-15608,-940,-94,-206,371,114563
-4492,-15316,-896,-38,-309,187,114584
-4208,-15340,-1200,9,-253,-42,114605
-4204,-15520,-1040,6,-53,-189,114626
-4104,-15500,-868,4,-42,-333,114647
-3952,-15576,-896,-48,104,-403,114668
-3892,-15588,-908,-59,148,-355,114689
-3908,-15676,-864,-19,-31,-223,114712
-3780,-15672,-824,-77,-109,-120,114733
-3956,-15812,-752,-86,-300,-52,114754
-3744,-15704,-872,-90,-293,143,114775
-3632,-15628,-1004,-149,-258,238,114797
-4056,-15564,-764,-145,-229,235,114818
-4036,-15668,-868,-159,-363,119,114839
-3920,-15636,-924,-170,-291,73,114860
-4028,-15636,-948,-159,-239,59,114881
-3980,-15688,-940,-125,-268,9,114902
-3916,-15720,-968,-127,-365,6,114923
-3888,-15588,-1016,-143,-279,59,114944
-3996,-15484,-856,-196,-197,69,114965
-4092,-15340,-988,-210,-205,94,114986
-4156,-15336,-740,-247,-252,79,115007
-4056,-15428,-888,-274,-285,67,115028
-3876,-15548,-996,-256,-171,51,115049
-3792,-15948,-1356,-228,-107,120,115070
-3916,-16236,-1184,-149,-187,113,115091
-3852,-16056,-844,-110,-405,16,115112
-3836,-15912,-800,-122,-298,13,115133
-3972,-15708,-892,-116,-84,37,115154
-4176,-15392,-1092,-35,-140,-72,115175
-4184,-15388,-1100,18,-345,-199,115196
-4044,-15232,-1164,62,-344,-209,115217
-4016,-15152,-1000,57,-363,-143,115238
-3968,-15224,-1128,15,-354,-79,115259
-3940,-15504,-1080,11,-231,-45,115280
-3732,-15844,-1084,34,3,-80,115301
-4044,-15908,-948,14,40,-129,115322
-3848,-15888,-904,17,-104,-248,115343
-3792,-15924,-872,-9,-136,-294,115364
-3868,-15784,-880,-34,-180,-339,115385
-3976,-15736,-732,-112,-203,-449,115406
-3940,-15756,-836,-173,-274,-539,115427
-3916,-15592,-940,-161,-271,-560,115448
-3788,-15620,-968,-148,-338,-587,115469
-3796,-15456,-1072,-60,-375,-523,115490
-3608,-15332,-1204,-42,-299,-425,115511
-3676,-15468,-1312,-57,-101,-365,115532
-3804,-15868,-892,23,-77,-411,115553
-3488,-16172,-692,38,-384,-441,115574
-3288,-16036,-676,-13,-277,-313,115595
-3176,-15980,-880,-60,-147,-114,115616
-3208,-16100,-972,-61,-13,177,115637
-3612,-15912,-940,-61,-97,375,115658
-3636,-15624,-1004,-80,-197,385,115679
-3816,-15340,-956,-89,-159,419,115700
-3928,-15320,-956,-133,-240,316,115721
-4008,-15472,-856,-179,-370,187,115742
-3992,-15748,-1028,-173,-492,160,115763
-3344,-15624,-972,-124,-557,225,115784
-3628,-15748,-980,-134,-229,359,115805
-3488,-15952,-1128,-54,-306,385,115826
-3644,-16072,-1200,1,-209,398,115847
-3656,-16120,-1100,32,-386,301,115868
-3820,-15768,-656,70,-364,241,115889
-3728,-15756,-892,15,-275,201,115910
-3920,-15724,-1144,60,-263,124,115931
-4012,-15692,-1044,105,-268,29,115952
-3980,-15528,-832,108,-386,-136,115973
-3908,-15512,-956,86,-414,-305,115994
-3796,-15528,-948,77,-432,-412,116015
-3596,-15780,-876,70,-384,-443,116036
-3752,-15896,-636,62,-470,-462,116059
-3500,-15660,-676,54,-471,-420,116080
-3628,-15640,-664,39,-314,-349,116101
-3796,-15544,-1056,32,-232,-333,116122
-3704,-15596,-944,97,-360,-353,116143
-3492,-15612,-984,88,-248,-319,116164
-3580,-15832,-712,103,-125,-304,116185
-3604,-15824,-712,116,-165,-230,116206
-3436,-15660,-740,108,-296,-98,116227
-3420,-15860,-788,54,-226,25,116248
-3560,-15796,-584,11,-252,31,116269
-3648,-15768,-724,-25,-328,-1,116290
-3648,-15584,-628,-60,-322,24,116311
-3668,-15436,-1072,-125,-266,64,116332
-3568,-15592,-960,-230,-324,77,116353
-3276,-15976,-624,-321,-299,136,116374
-3264,-16284,-356,-358,-252,212,116395
-3352,-15940,-392,-427,-227,290,116416
-3556,-15784,-1008,-388,-53,364,116437
-3716,-15692,-1132,-304,-146,270,116458
-3684,-15676,-1068,-180,-245,203,116479
-3652,-15504,-1040,-118,-198,87,116500
-3812,-15656,-900,-135,-97,0,116521
-3792,-15744,-908,-142,-161,-170,116542
-3732,-15764,-724,-168,-337,-244,116563
-3444,-15676,-864,-207,-304,-224,116584
-3740,-15564,-508,-119,-320,-142,116605
-3288,-15584,-1152,-111,-205,-76,116626
-3376,-15612,-1516,-85,-71,140,116647
-3684,-15976,-1040,-39,-332,188,116668
-3300,-16028,-392,-28,-438,275,116689
-2844,-15984,-940,-53,19,551,116710
-3648,-16092,-1212,-23,307,760,116731
-3936,-15964,-1104,80,-246,595,116752
-3804,-15808,-1024,185,-562,397,116773
-3576,-15728,-980,173,-160,376,116794
-3652,-15752,-1064,161,110,385,116815
-3924,-15652,-964,184,-231,271,116836
-3616,-15632,-876,200,-435,185,116857
-3688,-15712,-712,130,-332,159,116878
-3804,-15476,-420,20,-214,123,116899
-3820,-15540,-820,-97,-208,73,116920
-3800,-15620,-876,-116,-258,77,116941
-3536,-15712,-1108,-75,-369,237,116962
-3588,-15888,-872,3,-402,252,116983
-3624,-15748,-772,21,-378,239,117004
-3692,-15872,-852,21,-305,226,117025
-3728,-15796,-996,58,-323,255,117046
-3860,-15780,-780,32,-440,204,117067
-3808,-15544,-620,0,-517,144,117088
-3784,-15544,-668,-3,-346,108,117109
-3772,-15728,-732,-10,-313,50,117130
-3856,-15816,-952,-15,-328,9,117151
-3736,-15860,-788,19,-370,-3,117172
-3656,-15680,-652,-34,-278,14,117193
-3712,-15552,-796,-25,-209,13,117214
-3776,-15640,-872,-44,-230,63,117235
-3820,-15684,-828,-13,-318,15,117256
-3812,-15692,-620,-5,-318,-13,117277
-3796,-15816,-776,-73,-276,-8,117298
-3724,-15780,-668,-93,-272,-33,117319
-3660,-15816,-712,-82,-315,-24,117340
-3740,-15756,-868,-48,-273,22,117361
-3712,-15888,-704,-33,-204,67,117382
-3708,-15668,-816,-57,-207,63,117406
-3780,-15796,-676,-65,-195,66,117427
-3612,-15828,-800,-109,-226,66,117448
-3784,-15816,-796,-102,-239,108,117469
-3764,-15856,-824,-202,-117,87,117490
-3640,-15844,-876,-301,-19,58,117511
-3712,-15700,-832,-293,-29,92,117532
-3916,-15696,-932,-200,-147,121,117553
-3932,-15600,-820,-111,-405,91,117574
-3780,-15404,-828,-82,-396,107,117595
-3852,-15516,-836,-91,-282,104,117616
-3880,-15608,-888,-53,-393,89,117637
-3812,-15824,-800,-45,-465,66,117658
-3744,-15864,-700,-39,-481,61,117679
-3748,-15788,-768,-38,-379,69,117700
-3732,-15840,-828,-58,-385,38,117721
-3844,-15688,-892,-43,-404,13,117742
-3724,-15664,-756,-72,-419,45,117763
-3628,-15784,-756,-110,-321,58,117784
-3916,-15728,-820,-81,-416,31,117805
-3904,-15640,-880,-87,-455,12,117826
-3812,-15704,-804,-80,-409,-20,117847
-3900,-15788,-736,-77,-400,8,117869
-3772,-15756,-736,-83,-441,-23,117890
-3700,-15776,-748,-120,-390,11,117911
-3780,-15640,-720,-130,-402,-60,117932
-3932,-15672,-744,-147,-409,-67,117953
-3752,-15568,-640,-181,-436,-100,117974
-3692,-15600,-896,-166,-345,-108,117995
-3912,-15692,-780,-139,-227,-150,118016
-3820,-15628,-792,-92,-342,-238,118037
-3712,-15636,-884,-116,-267,-167,118058
-3676,-15816,-716,-105,-265,-157,118079
-3576,-15832,-732,-84,-273,-146,118100
-3712,-15764,-756,-96,-306,-151,118121
-3652,-15852,-744,-104,-343,-139,118142
-3768,-15712,-796,-56,-376,-126,118163
-3608,-15736,-888,-25,-297,-110,118184
-3616,-15824,-960,17,-312,-117,118205
-3608,-15856,-796,44,-295,-124,118226
-3488,-16008,-504,80,-315,-100,118247
-3456,-15848,-640,96,-292,-3,118268
-3560,-15924,-748,62,-226,139,118289
-3524,-15872,-768,92,-281,244,118310
-3644,-15840,-724,73,-299,224,118331
-3736,-15560,-732,30,-321,229,118352
-3768,-15520,-696,21,-220,279,118373
-3796,-15684,-712,-4,-296,201,118394
-3676,-15804,-624,-33,-390,150,118415
-3668,-15704,-408,-80,-366,83,118436
-3664,-15740,-640,-130,-172,54,118457
-3844,-15708,-792,-141,-108,17,118478
-3888,-15588,-772,-148,-247,-40,118499
-3780,-15660,-824,-125,-344,-57,118520
-3656,-15696,-740,-193,-218,-50,118541
-3704,-15784,-632,-252,-168,-21,118562
-3724,-15748,-696,-248,-203,-15,118583
-3736,-15824,-888,-251,-303,-24,118604
-3604,-15768,-728,-250,-335,-21,118625
-3624,-15668,-756,-252,-296,-3,118646
-3716,-15736,-844,-228,-304,-8,118667
-3680,-15700,-892,-214,-291,-1,118688
-3700,-15756,-800,-179,-264,17,118709
-3704,-15700,-880,-157,-282,18,118730
-3568,-15716,-724,-131,-301,42,118753
-3648,-15892,-632,-134,-194,90,118774
-3604,-15936,-932,-138,-185,90,118796
-3676,-15880,-888,-127,-262,84,118817
-3640,-15736,-636,-106,-234,93,118838
-3648,-15732,-1044,-107,-240,135,118859
-3588,-15792,-888,-74,-228,161,118880
-3572,-15688,-772,-74,-261,171,118901
-3704,-15636,-816,-68,-244,181,118922
-3680,-15716,-880,-14,-331,153,118943
-4028,-15844,-364,99,-542,-10,118964
-3472,-15796,-692,-2,-559,-20,118985
-3520,-15808,-908,-72,-342,-19,119006
-3812,-15840,-840,-41,-347,-59,119027
-3836,-15712,-724,-35,-572,-165,119048
-3828,-15548,-768,-88,-637,-219,119069
-3640,-15728,-528,-132,-813,-349,119090
-3760,-15588,-936,-194,-563,-306,119111
-4004,-15912,-896,-154,-611,-420,119132
-3648,-15836,-1132,-101,-725,-527,119153
-3680,-15748,-556,-78,-903,-471,119174
-3400,-15620,-524,-104,-901,-408,119195
-3348,-15744,-760,-116,-630,-343,119216
-3404,-15708,-760,-122,-596,-240,119237
-3404,-15708,-856,-112,-434,-177,119258
-3284,-15892,-760,-96,-197,-50,119279
-3004,-16124,-672,-46,-245,138,119300
-3228,-16092,-812,-40,-238,335,119321
-3176,-16316,-548,-54,-238,399,119342
-3620,-16204,-804,-130,-221,333,119363
-4044,-15636,-784,-100,-548,94,119384
-3784,-15584,-956,14,-727,-244,119405
-3844,-15540,-1136,105,-782,-388,119426
-3456,-15604,-852,193,-722,-399,119447
-3452,-15552,-684,149,-580,-300,119468
-3308,-15412,-612,114,-514,-172,119489
-3700,-15360,-352,56,-189,-152,119510
-3860,-15176,-684,35,-351,-196,119531
-3512,-15204,-824,14,-540,-159,119552
-3332,-15580,-808,-2,-339,-76,119573
-3408,-16032,-648,78,-194,-70,119594
-3304,-16136,-640,89,-179,-24,119615
-3428,-15856,-300,211,-457,11,119636
-2928,-16032,-708,246,-108,94,119657
-3416,-16320,-376,225,183,108,119678
-3380,-16648,-656,237,105,-12,119699
-3904,-16280,-256,232,-363,-325,119720
-3308,-15988,-412,234,-585,-485,119741
-3436,-15432,-688,223,-382,-462,119762
-3648,-15468,-1004,269,-491,-442,119783
-3548,-15380,-864,283,-842,-331,119804
-3368,-15264,-136,333,-922,-262,119825
-2904,-15736,-544,288,-394,-63,119846
-3324,-15852,-540,196,-408,79,119867
-3412,-16044,-440,157,-700,69,119888
-3328,-16204,-384,214,-930,25,119909
-3112,-16304,-328,227,-796,-24,119930
-3152,-16168,-192,247,-619,-82,119951
-3364,-16088,-292,304,-560,-132,119972
-3092,-15700,-496,219,-605,-113,119993
-3236,-15740,-172,199,-114,-86,120014
-3656,-15384,-16,162,16,-249,120035
-3668,-15536,-460,166,-220,-518,120056
-3404,-15684,-484,146,-316,-674,120077
-3252,-15776,-280,207,-222,-759,120100
-3144,-15908,-288,209,-216,-786,120121
-3000,-15888,-428,160,-299,-690,120142
-3068,-16160,-176,123,-344,-608,120163
-2936,-16144,-184,54,-401,-503,120184
-3060,-15936,28,-150,-719,-406,120205
-3056,-15944,-172,-331,-1075,-349,120226
-2808,-16124,-208,-541,-1311,-407,120247
-3484,-15360,300,-697,-1439,-444,120268
-3072,-14904,-88,-713,-1368,-531,120289
-2756,-15192,-1012,-504,-739,-493,120310
-2912,-16420,-1116,-200,-244,-550,120332
-3112,-16144,-216,8,-296,-708,120353
-2388,-16176,-32,103,152,-843,120374
-2376,-16176,-200,110,823,-730,120395
-2936,-16176,-148,75,791,-728,120416
-2844,-16220,-116,-18,224,-832,120437
-2612,-16020,-336,-99,-159,-810,120458
-2468,-15956,-416,-98,-164,-590,120479
-2592,-15936,-524,-149,-143,-307,120500
-2448,-15832,-488,-196,-449,-121,120521
-2816,-16024,-300,-249,-660,-59,120542
-2660,-16184,-212,-241,-775,-117,120563
-2628,-16120,-344,-199,-679,-249,120584
-2476,-16420,-236,-169,-426,-304,120605
-2488,-16208,-264,-134,-275,-292,120626
-2228,-16384,-400,-95,42,-232,120647
-2396,-16460,-320,-39,95,-133,120669
-2416,-16256,-520,-36,-6,-130,120690
-2484,-16104,-264,-112,-169,-107,120711
-2248,-16036,-120,-243,-69,-15,120732
-2724,-15736,-12,-380,-152,59,120753
-2712,-15692,-192,-504,-384,41,120774
-2660,-15680,-376,-677,-746,82,120795
-2616,-15588,-100,-712,-984,217,120816
-2236,-15704,-464,-721,-847,442,120837
-2428,-16116,-400,-660,-496,495,120858
-2668,-15984,-420,-641,-381,533,120879
-2672,-16020,-584,-582,-228,381,120900
-2592,-16288,-620,-540,63,318,120921
-2768,-16244,-372,-540,140,159,120942
-2860,-15928,-620,-604,55,-82,120963
-2908,-15912,-580,-574,-17,-306,120984
-2924,-15868,-784,-491,-101,-474,121005
-2688,-15808,-924,-417,-385,-619,121026
-2580,-15828,-756,-412,-385,-487,121047
-2404,-16020,-656,-419,-716,-365,121068
-2180,-15968,-524,-429,-412,-137,121089
-2668,-16004,-784,-409,-652,-86,121110
-2464,-16404,-676,-383,-872,-281,121131
-2284,-16136,-700,-347,-752,-226,121152
-2212,-16200,-876,-215,-703,-199,121173
-2116,-16124,-860,-76,-330,42,121194
-2300,-16180,-576,65,-269,228,121215
-2460,-16148,-708,131,-211,340,121236
-2500,-16112,-700,153,-323,289,121257
-2716,-15952,-860,175,-293,210,121278
-2480,-16180,-832,225,-418,31,121299
-2572,-16108,-452,133,-630,-157,121320
-2516,-16144,-464,131,-597,-148,121341
-2504,-16260,-396,104,-654,-278,121362
-2436,-16212,-620,95,-625,-225,121383
-2488,-15976,-600,213,-517,-168,121404
-2408,-16032,-632,271,-506,-53,121425
-2316,-15884,-496,303,-450,161,121448
-2248,-15740,-756,268,-231,470,121469
-2044,-15760,-680,150,281,699,121490
-3068,-15980,-84,252,74,736,121511
-2836,-16020,-448,320,16,647,121532
-2796,-15904,-568,415,-329,559,121553
-2584,-15980,-448,573,-494,595,121574
-2108,-16280,-780,620,-503,639,121595
-2312,-16456,152,564,-588,895,121616
-2244,-16396,232,385,-422,1087,121637
-2724,-16152,96,165,-378,1170,121658
-2996,-15692,-452,-23,-401,915,121679
-3124,-15824,-460,-181,-896,722,121700
-2512,-16420,-628,-91,-929,619,121721
-2636,-16012,-264,-433,-909,709,121742
-3396,-15668,564,-688,-618,181,121763
-3448,-15652,-352,-696,-209,-777,121784
-4268,-16068,-1488,-230,-219,-2637,121805
-6424,-13888,-2320,485,-992,-5943,121826
-9044,-14176,-60,-399,-1862,-9460,121847
-6328,-16200,-1892,-129,-5097,-11823,121868
-1624,-17724,-4652,-302,-7636,-12501,121889
-2716,-17068,-4388,-423,-12219,-11077,121910
-2620,-16800,-5164,249,-21921,-10653,121931
-1372,-15916,-7232,985,-32642,-9388,121952
1568,-14412,-10728,1366,-32768,-7488,121973
1936,-12996,-12340,554,-32768,-4759,121994
1944,-12668,-10784,-168,-32768,-3517,122015
12476,-16952,-3024,2229,-32768,-1480,122036
21600,-15928,2592,-1415,-32768,-312,122057
21172,-19672,15148,-2847,-26448,1338,122078
8664,-17876,22032,-4053,-287,2855,122099
-948,-11704,7412,-6728,15670,1176,122120
-8232,-9212,-9836,-5784,18028,-2169,122141
-4752,-23116,-4756,-2190,1730,-12018,122162
1380,-18544,2256,-2099,-6120,-13210,122183
7620,-19840,748,-3791,-4312,-13725,122204
8680,-19756,-2720,-3310,-1,-5574,122225
-108,-18328,-2832,787,-1613,-3136,122246
2644,-16236,-3416,2122,-4005,-4384,122267
612,-17888,-2388,3009,-5699,-2342,122288
3212,-15416,-2076,3056,-7119,-3051,122309
3300,-15868,512,2302,-8560,-2692,122330
1964,-16696,1760,1346,-11566,-2383,122351
1004,-17160,188,1855,-15120,-2085,122372
-1368,-17720,2208,4089,-21744,-2646,122393
-7256,-18580,1888,6578,-32768,-2579,122414
-5664,-17916,-1020,6826,-32768,-3845,122435
-1436,-16540,-4924,5444,-32768,-4697,122456
2088,-15072,-5872,4863,-32768,-6172,122477
6876,-13512,-6032,3231,-32768,-5601,122498
6040,-14260,-5440,1004,-32768,-4321,122519
-824,-17976,-1016,-1476,-32768,-1790,122540
1152,-16568,-1912,-129,-32768,-1415,122561
-4840,-18604,-844,1062,-32768,1029,122582
76,-14620,-4620,3934,-32768,-960,122603
4492,-15668,-6548,4618,-32768,-2839,122624
4076,-13240,-6888,4217,-32768,-1919,122645
9176,-12176,-6872,2476,-32768,-1979,122666
2360,-15060,-4388,2642,-32768,797,122687
-2076,-16984,-10860,193,-22125,4744,122708
312,-12236,-10564,-2336,-7504,7393,122729
-2236,-14408,-4196,-3916,1516,5220,122750
584,-12364,-1696,-2383,-2559,5085,122771
5292,-17588,5056,1209,-8638,-1130,122794
-548,-18208,-1984,-2919,2865,6833,122815
-1248,-15144,-3132,-1959,3285,9820,122836
-2332,-16724,-3816,-583,-1076,8232,122857
-8448,-1504,-12336,18208,-16397,3882,122878
-7696,-18800,-4032,-3112,-4927,4460,122899
-1716,-17396,-4616,-5386,-3249,1537,122920
-3480,-16476,-4940,-2934,-2081,-118,122941
-3528,-16452,-4672,-1403,-2044,-3788,122962
-2844,-16664,-4688,173,-2260,-7042,122983
-796,-16848,-4936,2137,-2961,-7771,123004
-1748,-16144,-4976,2045,-2436,-7184,123025
920,-16732,-2584,1116,-5809,-6788,123046
1764,-15708,-4592,977,-4404,-3519,123067
-64,-15368,-4144,2181,-3662,-1009,123088
240,-16888,-6880,293,-2942,857,123109
1384,-15384,-4240,2135,-4754,2397,123130
32,-17448,-2516,3566,-4516,5431,123151
-812,-17188,-1288,2465,-4125,5118,123172
1352,-17640,-1336,2974,-4246,7146,123194
2712,-18740,-3740,4701,-3530,12888,123215
-2520,-16552,708,775,-1526,11623,123236
-1096,-18060,-2896,3179,-2999,14214,123257
2488,-23968,-5420,296,-3631,12743,123278
-3964,-24204,17188,-3166,1265,17235,123299
-5204,-19744,2044,3129,-5099,13476,123320
1888,-16452,-4112,3045,-4137,13952,123341
1472,-23136,-5672,3238,-2719,17197,123362
3904,-25632,-6404,4784,-6848,21119,123383
2192,-25212,-5104,2673,-7372,23611,123404
2048,-29000,3788,7395,-12937,22898,123425
6332,-25052,-8084,7181,-16292,21998,123446
11020,-25012,-7432,6054,-13080,17915,123467
-1852,-19012,-14500,-1953,746,22137,123488
-10432,-17680,-10536,-502,-1194,11826,123509
-8368,-7264,7148,-880,-15275,114,123530
8508,-7144,-1572,3550,-32529,-16762,123551
21084,1672,-596,-1247,-19519,-17080,123572
11148,-3368,484,-8082,3067,-25731,123593
284,-11548,1144,-9795,7580,-29230,123614
1416,-13048,288,-9246,1778,-32768,123635
2304,-14280,-1152,-11285,5417,-32768,123656
-32,-21152,2516,-11130,7909,-32768,123677
-4360,-21792,3024,-10315,8410,-32768,123698
-4204,-22944,60,-9720,8838,-32768,123719
-4064,-22588,-608,-9088,8704,-32768,123740
-4292,-25036,-2112,-9822,11095,-32768,123761
-5160,-26772,-2940,-8748,14405,-32768,123782
-9636,-27400,-3212,-9510,20620,-28994,123803
-13104,-23712,-4752,-8232,22165,-21946,123824
-15220,-29240,-6548,-9862,24593,-12817,123845
-23920,-19116,-6760,-3485,20503,3532,123866
-32768,-17616,-6732,-3511,14325,17196,123887
-32768,-21948,708,-3900,11084,17861,123908
-4292,-31036,14428,5522,-26772,23879,123929
14392,-32768,-9012,-103,2095,21371,123950
8104,-11240,948,-3314,-7370,25703,123971
-2464,-13336,-2728,-6714,5099,21018,123992
-3712,-18216,-2612,-6915,311,10513,124013
1308,-16496,-7516,-2885,-4892,9856,124034
640,-16584,-3292,-1438,-3797,12874,124055
-1524,-16612,-3944,-1142,-1353,11572,124076
-824,-17064,-3436,-1020,-2343,8525,124097
-1656,-17264,-3180,-791,-1302,6736,124118
-1652,-16628,-3096,61,-1899,3832,124141
-1508,-16148,-2936,631,-785,2601,124162
-1376,-16204,-2028,947,189,2281,124183
-1336,-16780,-2580,525,-333,1635,124204
-1680,-17208,-2352,64,-1483,979,124225
-468,-16668,-3224,73,-1284,1410,124246
-744,-15836,-2920,-78,-1395,2670,124267
-1816,-16296,-2760,160,-2811,2353,124288
-1744,-17404,-2608,-240,-3178,3096,124309
-388,-9184,-1320,544,-4823,-5314,124330
-3820,-18224,-3508,-231,-2688,5258,124351
388,-16940,-2288,1375,-5246,8278,124372
720,-17812,-1732,1539,-3933,10538,124393
1284,-19304,-3532,2577,-3401,13602,124414
1016,-21020,-4120,3691,-3484,16404,124435
1972,-23188,-3872,4218,-5489,18680,124456
4472,-23564,-3632,6138,-6113,22280,124477
4760,-28768,-3236,4905,-5026,26179,124498
5452,-29240,-4856,4483,-7336,27126,124519
7048,-32768,-2040,5510,-9847,28747,124540
8520,-31368,-7236,7841,-14517,26563,124561
5260,-22596,-11180,4501,-10173,24594,124582
-8736,-16832,-8676,-1189,-98,24204,124603
-13080,-9872,3588,5694,-15400,15943,124624
4920,-6792,-7508,2033,-30909,-11734,124645
20896,832,-488,1014,-22464,-12881,124666
15124,-1216,-2088,-7804,8733,-18140,124687
2632,-6992,-2636,-10145,18513,-23909,124708
-2008,-10256,-2844,-10561,17433,-28813,124729
-2536,-13424,-2184,-10819,14443,-32768,124750
-5700,-18124,2204,-10059,10602,-32768,124771
-10796,-18564,3220,-8711,3269,-32768,124792
-4956,-19700,252,-7886,-1947,-32768,124813
-3784,-21076,-1096,-9122,1504,-32768,124834
-2996,-22604,116,-9706,5079,-32768,124855
-4884,-25956,1964,-9549,6911,-32768,124876
-7872,-25892,2444,-8639,6029,-32768,124897
-8992,-27188,1172,-7115,8616,-30935,124918
-13716,-24272,-2288,-7211,13232,-23755,124939
-16156,-22528,-2096,-6384,14725,-15421,124960
-19088,-22628,-1964,-3235,8649,-5252,124981
-28136,-18184,-3328,-1165,5277,1603,125002
-31188,-21372,-1868,-2492,-3612,11114,125023
-15744,-18892,3820,2566,-9080,13742,125044
18688,-12028,-3648,1182,-13486,15891,125065
32767,-32768,-3688,-9335,8168,-2684,125086
-6248,-1240,-12756,433,9995,32767,125107
-31508,-31960,15532,-2095,4244,18820,125128
8044,-6848,-6368,-31,-14068,11529,125149
180,-19512,-2404,-2294,-2974,7902,125170
5728,-20644,-4032,-3668,-5931,10885,125191
-1416,-14328,-3344,-1842,-736,10833,125212
-764,-15544,-5200,2009,-2829,10277,125233
-36,-18276,-5440,382,-1736,8797,125254
-2948,-15320,-4092,1228,-2336,6116,125275
-848,-16072,-3704,1211,-3267,3229,125296
-520,-16144,-3008,1287,-1579,2907,125317
-716,-16572,-2916,1490,-1198,2972,125338
-1140,-15804,-3420,1212,-2525,3177,125359
-996,-15668,-4516,629,-2455,3417,125380
-224,-16648,-3772,792,-2639,3115,125401
-1260,-12864,-5640,-111,-2504,6498,125422
-1428,-15564,-3472,393,-4325,4790,125443
-272,-17536,-3484,776,-4684,5319,125464
-7424,-14288,-632,836,-1806,7563,125487
-6112,-16384,412,1160,-2564,8225,125508
-504,-18564,-2356,1461,-4760,10167,125529
3984,-19180,-3240,524,-3731,8205,125550
272,-20776,-1968,2269,-1001,12804,125571
-2140,-23116,-2724,2807,-2089,17993,125592
532,-21872,-4044,3816,-5150,19440,125613
1952,-21188,-5052,3566,-6450,18331,125634
4488,-27800,-4380,4974,-9540,23161,125655
5852,-27476,-4124,5287,-12591,24009,125676
8992,-32768,-4036,6661,-13429,26369,125697
10792,-31748,-3920,9311,-15036,24561,125718
7140,-21592,-9196,6947,-12835,21810,125739
-2452,-16764,-12412,-43,0,22218,125760
-16560,2676,-13508,9982,7910,22612,125781
-9860,-1464,4796,-6976,-4272,-4282,125802
2232,-13268,1872,5184,-19059,-16216,125823
13120,1232,-2764,1969,-13757,-19168,125844
9536,-1116,-3036,-5273,1155,-29830,125865
-900,-8400,-1700,-8204,7238,-32768,125886
-1952,-11664,-924,-9455,594,-32768,125907
1824,-13800,-1580,-12267,-1701,-32768,125928
724,-18048,280,-15088,2153,-32768,125949
-1696,-23544,2876,-15245,4325,-32768,125970
-2088,-28416,1816,-13838,4860,-32768,125991
-2700,-25824,1436,-13644,6398,-32768,126012
-3688,-30224,-1300,-13802,8319,-32768,126033
-7124,-31568,-1444,-12737,13457,-32768,126054
-8672,-32768,3172,-9047,24567,-29505,126075
-15320,-27796,-1652,-6424,31447,-19585,126096
-20716,-21488,-6612,-2915,21908,-8176,126117
-30284,-16716,-6696,-2591,19865,5861,126138
-32768,-18988,-2660,-2033,18271,28223,126159
-23012,-26740,4116,-856,-10069,21028,126180
19576,-27212,-3656,95,-26286,4841,126201
18536,-2704,-5748,-3347,697,11791,126222
-1592,-4240,-4852,-10689,12963,32767,126243
-8276,-32768,-3284,-970,5915,14257,126264
4484,-9788,-7472,-4936,-9535,15373,126285
828,-17600,400,-7693,1537,10299,126306
1080,-17736,-4800,-4391,-5095,10172,126327
2232,-17068,-3512,-3285,-1255,10069,126348
3020,-17912,-3892,-1681,-20,12519,126369
-160,-16628,-3372,379,-163,12306,126390
-1704,-17364,-2616,-751,-3325,8251,126411
748,-16328,-2680,114,-2837,7381,126432
-532,-16496,-2380,37,-1701,6202,126453
-1164,-16212,-2124,-288,-1642,4852,126474
-1124,-16232,-2904,-483,-2098,3540,126495
-568,-15000,-4004,-93,-2834,3935,126516
-1372,-16296,-2892,-701,-3155,2771,126537
-1212,-12600,200,-15,-4189,748,126558
-616,-17596,-3940,-396,-3134,3962,126579
2660,-15624,-5552,-1368,-3446,2743,126600
-3396,-17784,-2736,-161,-3082,5508,126621
1724,-16280,-3536,736,-6089,8714,126642
724,-18816,-2140,166,-3841,11129,126663
252,-18920,-1208,942,-4496,13479,126684
1644,-18856,-3600,1546,-3781,16223,126705
-412,-20048,-4176,2148,-3773,17696,126726
1508,-23752,-4280,3533,-6587,20497,126747
3564,-25636,-3728,3605,-7518,23319,126768
2692,-27476,-752,4398,-8081,25217,126789
4932,-31012,-2140,5787,-11060,24901,126810
11380,-27656,-4988,6653,-12779,24647,126833
8588,-24492,-3416,6460,-11115,20878,126854
5248,-17620,-9484,5946,-8158,19153,126875
30880,-32768,-12744,6125,3744,14027,126896
-16512,4752,-4624,11852,25274,18656,126917
-17520,-3824,2736,-9522,-460,-10777,126938
2812,-15092,3220,6778,-32520,-22910,126959
16924,3608,-1696,634,-19748,-22656,126980
10200,-4856,-4288,-5786,2696,-28218,127001
-3000,-11552,284,-7426,4862,-30494,127022
-4000,-13656,20,-7616,-4546,-32768,127043
1784,-13684,-1316,-10852,-2535,-32768,127064
592,-21052,1452,-12328,3702,-32768,127085
-1668,-23820,3152,-11672,5788,-32768,127106
-496,-24352,752,-10923,8305,-32768,127127
-3252,-25508,-464,-10615,9740,-32768,127148
-4820,-27628,-1604,-9503,8801,-32768,127169
-5284,-28760,-1344,-9049,10682,-32768,127190
-7716,-27868,-1676,-7673,14873,-30538,127211
-13376,-25800,-944,-5710,18254,-21332,127232
-18372,-21588,-5336,-4337,19411,-12863,127253
-24500,-18596,-3460,-3059,15144,-853,127274
-29180,-15892,-6440,-1964,11650,15329,127295
-32768,-19308,-4624,-2530,7414,27074,127316
4196,-23232,11220,3863,-29589,17335,127337
32767,-27336,-18868,321,-6642,-4232,127358
-8992,-8016,-11264,-7917,11737,30397,127379
-3112,-30100,12152,-5375,-6616,22639,127400
2516,-14264,6568,-7805,2789,18267,127421
-2012,-21168,-1400,-5826,-375,12908,127442
3536,-17700,-7688,-3377,-3714,12888,127463
2852,-14592,-5164,761,-368,15670,127484
-2436,-15508,-3504,80,24,13207,127505
-1048,-17604,-2680,-184,-1317,10385,127526
-1820,-16228,-2620,755,-1935,8871,127547
-2668,-16164,-2980,469,-2044,6065,127568
-1944,-15640,-2440,238,-1755,3911,127589
-1712,-16064,-2176,253,-1787,2883,127610
-1312,-16472,-2880,469,-1660,2510,127631
-1384,-16076,-3472,660,-1831,2635,127652
-1876,-16236,-3640,973,-2363,2700,127673
-1676,-15328,-2580,932,-2929,3508,127694
-1648,-16076,-2472,660,-3202,3591,127715
-1832,-16028,-2696,704,-2730,4732,127736
-1704,-15576,-1912,1006,-3130,6058,127757
-660,-17000,-3000,1698,-3207,8295,127778
-1784,-17184,-1488,1868,-3746,11066,127799
-748,-18276,-708,2224,-4416,14165,127820
-476,-18180,-2204,1814,-3134,14652,127841
-7116,-13032,3456,1766,-2015,14577,127862
-3216,-14040,-3604,-312,-4280,9969,127883
-5620,-23248,-3764,2081,-3238,15340,127904
-3948,-27248,-2588,2282,-4534,17214,127925
3772,-29572,-6672,4464,-10785,19643,127946
3448,-26760,-5680,3950,-7017,22290,127967
-1500,-23448,-2276,4692,-9545,19389,127988
-2528,-17996,-5256,5764,-13105,16207,128009
-6932,-11560,-8536,716,-3690,17267,128030
-9024,-8912,-5068,4747,-1696,11630,128051
-6108,-8460,1788,735,-13814,-435,128072
8828,-1992,-700,4915,-25365,-13319,128093
14432,-2212,212,-150,-5310,-13037,128114
1696,-5572,872,-3694,8618,-17772,128135
-4740,-9580,2184,-3794,9409,-21151,128156
